Date,Purchases,Sales
2003-12-19,99,240
2003-12-22,95,273
2003-12-23,107,276
2003-12-24,58,175
2003-12-29,77,271
2003-12-30,86,254
2003-12-31,74,237
2004-01-02,79,136
2004-01-05,154,298
2004-01-06,95,295
2004-01-07,70,295
2004-01-08,71,208
2004-01-09,50,226
2004-01-12,69,199
2004-01-13,68,204
2004-01-14,82,201
2004-01-15,74,209
2004-01-16,84,217
2004-01-20,78,286
2004-01-21,44,228
2004-01-22,72,258
2004-01-23,90,259
2004-01-26,58,229
2004-01-27,76,274
2004-01-28,76,321
2004-01-29,81,264
2004-01-30,84,224
2004-02-02,104,287
2004-02-03,100,432
2004-02-04,102,414
2004-02-05,61,291
2004-02-06,105,329
2004-02-09,90,324
2004-02-10,71,370
2004-02-11,91,425
2004-02-12,76,400
2004-02-13,75,474
2004-02-17,101,416
2004-02-18,68,350
2004-02-19,99,493
2004-02-20,93,454
2004-02-23,83,310
2004-02-24,92,329
2004-02-25,91,354
2004-02-26,128,359
2004-02-27,66,453
2004-03-01,109,403
2004-03-02,98,484
2004-03-03,101,519
2004-03-04,81,330
2004-03-05,82,375
2004-03-08,90,387
2004-03-09,76,317
2004-03-10,61,349
2004-03-11,61,271
2004-03-12,74,208
2004-03-15,96,236
2004-03-16,96,245
2004-03-17,105,224
2004-03-18,75,227
2004-03-19,72,193
2004-03-22,70,196
2004-03-23,102,201
2004-03-24,82,179
2004-03-25,64,186
2004-03-26,50,168
2004-03-29,75,171
2004-03-30,52,206
2004-03-31,77,230
2004-04-01,98,250
2004-04-02,133,300
2004-04-05,81,312
2004-04-06,61,256
2004-04-07,64,239
2004-04-08,62,227
2004-04-09,24,77
2004-04-12,63,122
2004-04-13,81,154
2004-04-14,98,199
2004-04-15,85,175
2004-04-16,94,134
2004-04-19,71,151
2004-04-20,69,165
2004-04-21,97,215
2004-04-22,72,195
2004-04-23,88,216
2004-04-26,103,233
2004-04-27,71,262
2004-04-28,105,327
2004-04-29,97,258
2004-04-30,97,209
2004-05-03,123,205
2004-05-04,212,320
2004-05-05,111,384
2004-05-06,121,310
2004-05-07,147,254
2004-05-10,158,225
2004-05-11,216,210
2004-05-12,150,224
2004-05-13,135,228
2004-05-14,106,181
2004-05-17,128,231
2004-05-18,116,200
2004-05-19,148,256
2004-05-20,120,250
2004-05-21,125,207
2004-05-24,138,227
2004-05-25,110,234
2004-05-26,92,305
2004-05-27,122,373
2004-05-28,87,284
2004-06-01,102,343
2004-06-02,102,349
2004-06-03,111,391
2004-06-04,84,249
2004-06-07,100,250
2004-06-08,105,315
2004-06-09,83,311
2004-06-10,89,284
2004-06-14,106,283
2004-06-15,90,179
2004-06-16,105,257
2004-06-17,85,247
2004-06-18,80,169
2004-06-21,89,197
2004-06-22,71,161
2004-06-23,87,196
2004-06-24,51,176
2004-06-25,53,177
2004-06-28,60,190
2004-06-29,65,167
2004-06-30,44,229
2004-07-01,123,216
2004-07-02,109,241
2004-07-06,58,176
2004-07-07,51,154
2004-07-08,93,160
2004-07-09,55,139
2004-07-12,42,98
2004-07-13,48,118
2004-07-14,34,109
2004-07-15,113,106
2004-07-16,72,147
2004-07-19,79,113
2004-07-20,60,104
2004-07-21,54,110
2004-07-22,65,135
2004-07-23,65,91
2004-07-26,92,117
2004-07-27,87,139
2004-07-28,104,156
2004-07-29,105,221
2004-07-30,117,187
2004-08-02,88,207
2004-08-03,129,299
2004-08-04,128,386
2004-08-05,117,265
2004-08-06,128,193
2004-08-09,133,145
2004-08-10,158,183
2004-08-11,115,193
2004-08-12,119,210
2004-08-13,109,193
2004-08-16,130,167
2004-08-17,97,227
2004-08-18,149,264
2004-08-19,114,252
2004-08-20,112,242
2004-08-23,101,259
2004-08-24,115,241
2004-08-25,102,239
2004-08-26,113,225
2004-08-27,76,220
2004-08-30,91,173
2004-08-31,91,178
2004-09-01,78,273
2004-09-02,94,353
2004-09-03,55,288
2004-09-07,70,177
2004-09-08,80,201
2004-09-09,72,241
2004-09-10,71,259
2004-09-13,67,225
2004-09-14,70,205
2004-09-15,104,251
2004-09-16,63,217
2004-09-17,63,210
2004-09-20,81,207
2004-09-21,67,166
2004-09-22,73,197
2004-09-23,78,197
2004-09-24,67,114
2004-09-27,76,133
2004-09-28,96,156
2004-09-29,78,133
2004-09-30,48,174
2004-10-01,116,191
2004-10-04,127,281
2004-10-05,77,257
2004-10-06,59,167
2004-10-07,59,164
2004-10-08,52,144
2004-10-12,82,189
2004-10-13,50,111
2004-10-14,43,130
2004-10-15,45,96
2004-10-18,91,109
2004-10-19,59,149
2004-10-20,50,136
2004-10-21,61,129
2004-10-22,82,128
2004-10-25,62,193
2004-10-26,91,202
2004-10-27,77,227
2004-10-28,64,248
2004-10-29,96,256
2004-11-01,128,281
2004-11-02,109,382
2004-11-03,88,479
2004-11-04,112,462
2004-11-05,103,408
2004-11-08,69,412
2004-11-09,105,366
2004-11-10,96,425
2004-11-12,150,708
2004-11-15,101,453
2004-11-16,96,442
2004-11-17,100,465
2004-11-18,97,351
2004-11-19,112,439
2004-11-22,107,306
2004-11-23,101,472
2004-11-24,96,519
2004-11-26,16,53
2004-11-29,74,393
2004-11-30,89,302
2004-12-01,108,524
2004-12-02,122,456
2004-12-03,93,501
2004-12-06,68,312
2004-12-07,103,337
2004-12-08,95,316
2004-12-09,83,279
2004-12-10,77,242
2004-12-13,80,256
2004-12-14,69,310
2004-12-15,86,351
2004-12-16,100,336
2004-12-17,109,306
2004-12-20,95,206
2004-12-21,85,273
2004-12-22,72,290
2004-12-23,99,288
2004-12-27,51,160
2004-12-28,69,175
2004-12-29,91,199
2004-12-30,47,190
2005-01-03,103,204
2005-01-04,148,341
2005-01-05,79,336
2005-01-06,74,136
2005-01-07,76,177
2005-01-10,63,119
2005-01-11,52,178
2005-01-12,64,162
2005-01-13,76,150
2005-01-14,67,159
2005-01-18,73,156
2005-01-19,83,164
2005-01-20,71,214
2005-01-21,71,143
2005-01-24,82,113
2005-01-25,51,144
2005-01-26,82,162
2005-01-27,81,170
2005-01-28,74,114
2005-01-31,85,163
2005-02-01,95,273
2005-02-02,107,430
2005-02-03,84,408
2005-02-04,71,301
2005-02-07,90,269
2005-02-08,110,341
2005-02-09,67,288
2005-02-10,113,267
2005-02-11,84,252
2005-02-14,89,264
2005-02-15,103,319
2005-02-16,105,403
2005-02-17,95,363
2005-02-18,97,308
2005-02-22,107,284
2005-02-23,102,227
2005-02-24,106,311
2005-02-25,126,278
2005-02-28,113,372
2005-03-01,110,395
2005-03-02,142,437
2005-03-03,121,409
2005-03-04,127,331
2005-03-07,84,373
2005-03-08,83,328
2005-03-09,105,293
2005-03-10,81,270
2005-03-11,99,243
2005-03-14,104,232
2005-03-15,103,227
2005-03-16,145,279
2005-03-17,129,294
2005-03-18,147,189
2005-03-21,73,213
2005-03-22,120,179
2005-03-23,73,224
2005-03-24,67,197
2005-03-25,46,65
2005-03-28,49,94
2005-03-29,53,133
2005-03-30,94,186
2005-03-31,89,167
2005-04-01,135,176
2005-04-04,107,252
2005-04-05,80,227
2005-04-06,101,179
2005-04-07,86,178
2005-04-08,73,159
2005-04-11,77,157
2005-04-12,45,114
2005-04-13,62,123
2005-04-14,90,128
2005-04-15,92,97
2005-04-18,78,84
2005-04-19,80,128
2005-04-20,74,106
2005-04-21,95,130
2005-04-22,96,108
2005-04-25,103,144
2005-04-26,102,182
2005-04-27,105,154
2005-04-28,93,146
2005-04-29,116,161
2005-05-02,116,214
2005-05-03,197,298
2005-05-04,128,334
2005-05-05,156,287
2005-05-06,139,264
2005-05-09,128,241
2005-05-10,123,280
2005-05-11,114,283
2005-05-12,143,250
2005-05-13,156,233
2005-05-16,180,218
2005-05-17,136,280
2005-05-18,160,323
2005-05-19,137,331
2005-05-20,135,350
2005-05-23,108,304
2005-05-24,145,275
2005-05-25,120,292
2005-05-26,129,337
2005-05-27,95,272
2005-05-31,132,310
2005-06-01,127,307
2005-06-02,160,394
2005-06-03,89,368
2005-06-06,77,266
2005-06-07,89,228
2005-06-08,93,312
2005-06-09,114,252
2005-06-10,63,205
2005-06-13,71,205
2005-06-14,68,273
2005-06-15,101,300
2005-06-16,100,282
2005-06-17,88,308
2005-06-20,99,243
2005-06-21,68,181
2005-06-22,111,229
2005-06-23,45,182
2005-06-24,54,153
2005-06-27,67,134
2005-06-28,81,133
2005-06-29,89,182
2005-06-30,84,142
2005-07-01,100,241
2005-07-05,100,232
2005-07-06,121,285
2005-07-07,58,218
2005-07-08,77,180
2005-07-11,55,151
2005-07-12,49,214
2005-07-13,72,216
2005-07-14,38,160
2005-07-15,70,166
2005-07-18,59,142
2005-07-19,61,151
2005-07-20,40,147
2005-07-21,42,151
2005-07-22,49,158
2005-07-25,68,173
2005-07-26,62,229
2005-07-27,89,298
2005-07-28,71,262
2005-07-29,110,256
2005-08-01,86,344
2005-08-02,158,509
2005-08-03,82,544
2005-08-04,103,408
2005-08-05,66,369
2005-08-08,79,225
2005-08-09,93,296
2005-08-10,167,304
2005-08-11,125,324
2005-08-12,105,307
2005-08-15,121,280
2005-08-16,132,311
2005-08-17,107,329
2005-08-18,128,260
2005-08-19,102,238
2005-08-22,134,232
2005-08-23,121,247
2005-08-24,84,267
2005-08-25,105,262
2005-08-26,94,243
2005-08-29,127,179
2005-08-30,106,218
2005-08-31,89,226
2005-09-01,114,288
2005-09-02,81,415
2005-09-06,92,306
2005-09-07,95,256
2005-09-08,72,315
2005-09-09,64,259
2005-09-12,61,267
2005-09-13,80,271
2005-09-14,64,291
2005-09-15,66,190
2005-09-16,83,245
2005-09-19,73,212
2005-09-20,80,172
2005-09-21,70,157
2005-09-22,99,167
2005-09-23,85,118
2005-09-26,76,124
2005-09-27,62,99
2005-09-28,70,150
2005-09-29,77,141
2005-09-30,102,119
2005-10-03,113,200
2005-10-04,156,254
2005-10-05,74,276
2005-10-06,81,135
2005-10-07,75,103
2005-10-11,127,170
2005-10-12,101,95
2005-10-13,77,75
2005-10-14,110,107
2005-10-17,94,73
2005-10-18,79,103
2005-10-19,68,134
2005-10-20,47,74
2005-10-21,73,116
2005-10-24,72,127
2005-10-25,75,140
2005-10-26,96,154
2005-10-27,74,147
2005-10-28,99,144
2005-10-31,124,182
2005-11-01,138,245
2005-11-02,146,397
2005-11-03,121,385
2005-11-04,110,296
2005-11-07,93,242
2005-11-08,126,274
2005-11-09,108,299
2005-11-10,115,322
2005-11-14,170,552
2005-11-15,127,297
2005-11-16,126,355
2005-11-17,112,290
2005-11-18,94,331
2005-11-21,113,369
2005-11-22,133,423
2005-11-23,143,495
2005-11-25,26,65
2005-11-28,105,348
2005-11-29,112,192
2005-11-30,112,276
2005-12-01,129,337
2005-12-02,107,402
2005-12-05,101,363
2005-12-06,80,259
2005-12-07,94,272
2005-12-08,98,232
2005-12-09,97,208
2005-12-12,79,265
2005-12-13,94,286
2005-12-14,86,320
2005-12-15,104,268
2005-12-16,87,264
2005-12-19,89,213
2005-12-20,103,224
2005-12-21,104,197
2005-12-22,126,242
2005-12-23,60,130
2005-12-27,73,126
2005-12-28,50,141
2005-12-29,126,191
2005-12-30,82,101
2006-01-03,112,150
2006-01-04,161,292
2006-01-05,96,397
2006-01-06,74,217
2006-01-09,72,201
2006-01-10,84,232
2006-01-11,74,267
2006-01-12,80,174
2006-01-13,93,165
2006-01-17,82,162
2006-01-18,71,130
2006-01-19,73,157
2006-01-20,64,152
2006-01-23,87,159
2006-01-24,66,148
2006-01-25,65,179
2006-01-26,62,212
2006-01-27,100,225
2006-01-30,81,272
2006-01-31,83,274
2006-02-01,78,351
2006-02-02,116,386
2006-02-03,101,408
2006-02-06,69,256
2006-02-07,83,278
2006-02-08,92,263
2006-02-09,84,236
2006-02-10,74,268
2006-02-13,82,232
2006-02-14,98,261
2006-02-15,115,337
2006-02-16,101,367
2006-02-17,111,400
2006-02-21,113,361
2006-02-22,77,337
2006-02-23,91,387
2006-02-24,102,392
2006-02-27,105,315
2006-02-28,111,355
2006-03-01,117,463
2006-03-02,113,505
2006-03-03,121,496
2006-03-06,97,300
2006-03-07,79,324
2006-03-08,84,334
2006-03-09,99,262
2006-03-10,111,271
2006-03-13,80,267
2006-03-14,102,254
2006-03-15,80,392
2006-03-16,114,351
2006-03-17,100,366
2006-03-20,72,279
2006-03-21,79,258
2006-03-22,90,247
2006-03-23,58,231
2006-03-24,94,193
2006-03-27,65,201
2006-03-28,79,196
2006-03-29,55,195
2006-03-30,56,254
2006-03-31,72,226
2006-04-03,55,218
2006-04-04,124,342
2006-04-05,78,424
2006-04-06,80,233
2006-04-07,44,209
2006-04-10,63,180
2006-04-11,47,156
2006-04-12,73,250
2006-04-13,53,185
2006-04-14,41,87
2006-04-17,69,115
2006-04-18,67,147
2006-04-19,85,190
2006-04-20,68,227
2006-04-21,70,222
2006-04-24,50,171
2006-04-25,66,211
2006-04-26,69,226
2006-04-27,71,211
2006-04-28,78,195
2006-05-01,117,312
2006-05-02,158,455
2006-05-03,103,532
2006-05-04,116,369
2006-05-05,118,352
2006-05-08,96,386
2006-05-09,99,402
2006-05-10,95,395
2006-05-11,103,349
2006-05-12,121,334
2006-05-15,138,296
2006-05-16,154,271
2006-05-17,172,297
2006-05-18,159,294
2006-05-19,172,224
2006-05-22,154,186
2006-05-23,137,208
2006-05-24,143,220
2006-05-25,131,232
2006-05-26,146,199
2006-05-30,135,219
2006-05-31,127,216
2006-06-01,117,305
2006-06-02,141,363
2006-06-05,126,394
2006-06-06,81,203
2006-06-07,85,198
2006-06-08,90,214
2006-06-09,109,179
2006-06-12,126,147
2006-06-13,127,162
2006-06-14,114,139
2006-06-15,118,172
2006-06-16,108,169
2006-06-19,114,155
2006-06-20,91,141
2006-06-21,69,107
2006-06-22,88,137
2006-06-23,74,111
2006-06-26,71,97
2006-06-27,74,144
2006-06-28,76,133
2006-06-29,92,116
2006-06-30,93,201
2006-07-03,82,86
2006-07-05,127,250
2006-07-06,106,295
2006-07-07,89,162
2006-07-10,77,135
2006-07-11,59,132
2006-07-12,78,115
2006-07-13,81,100
2006-07-14,44,92
2006-07-17,70,62
2006-07-18,67,91
2006-07-19,57,108
2006-07-20,82,100
2006-07-21,47,123
2006-07-24,65,105
2006-07-25,76,124
2006-07-26,82,145
2006-07-27,113,179
2006-07-28,130,136
2006-07-31,113,179
2006-08-01,160,230
2006-08-02,117,310
2006-08-03,130,349
2006-08-04,89,272
2006-08-07,83,221
2006-08-08,114,279
2006-08-09,127,218
2006-08-10,152,235
2006-08-11,156,211
2006-08-14,153,248
2006-08-15,142,230
2006-08-16,125,305
2006-08-17,100,320
2006-08-18,113,279
2006-08-21,129,263
2006-08-22,113,220
2006-08-23,109,223
2006-08-24,126,176
2006-08-25,94,154
2006-08-28,97,173
2006-08-29,123,204
2006-08-30,111,243
2006-08-31,111,273
2006-09-01,107,256
2006-09-05,94,317
2006-09-06,82,295
2006-09-07,87,270
2006-09-08,102,188
2006-09-11,80,164
2006-09-12,117,203
2006-09-13,84,222
2006-09-14,75,281
2006-09-15,91,252
2006-09-18,71,194
2006-09-19,88,201
2006-09-20,55,153
2006-09-21,59,140
2006-09-22,61,123
2006-09-25,81,124
2006-09-26,68,136
2006-09-27,65,151
2006-09-28,49,145
2006-09-29,78,187
2006-10-02,76,125
2006-10-03,127,250
2006-10-04,76,254
2006-10-05,77,159
2006-10-06,83,141
2006-10-10,103,240
2006-10-11,69,154
2006-10-12,38,181
2006-10-13,55,96
2006-10-16,41,155
2006-10-17,72,191
2006-10-18,26,188
2006-10-19,85,123
2006-10-20,56,124
2006-10-23,49,109
2006-10-24,52,145
2006-10-25,86,170
2006-10-26,42,220
2006-10-27,76,221
2006-10-30,82,256
2006-10-31,67,253
2006-11-01,103,297
2006-11-02,94,337
2006-11-03,66,356
2006-11-06,96,251
2006-11-07,89,248
2006-11-08,84,369
2006-11-09,104,402
2006-11-13,158,577
2006-11-14,123,385
2006-11-15,86,429
2006-11-16,91,493
2006-11-17,94,458
2006-11-20,111,299
2006-11-21,113,393
2006-11-22,137,496
2006-11-24,24,81
2006-11-27,100,345
2006-11-28,82,215
2006-11-29,100,300
2006-11-30,97,316
2006-12-01,94,347
2006-12-04,115,351
2006-12-05,68,390
2006-12-06,75,348
2006-12-07,83,286
2006-12-08,70,251
2006-12-11,89,227
2006-12-12,77,251
2006-12-13,82,320
2006-12-14,76,299
2006-12-15,88,284
2006-12-18,109,325
2006-12-19,134,238
2006-12-20,75,217
2006-12-21,97,167
2006-12-22,88,203
2006-12-26,42,76
2006-12-27,80,168
2006-12-28,62,164
2006-12-29,115,122
2007-01-03,139,243
2007-01-04,95,316
2007-01-05,94,411
2007-01-08,71,130
2007-01-09,72,171
2007-01-10,53,188
2007-01-11,77,171
2007-01-12,59,167
2007-01-16,64,196
2007-01-17,101,197
2007-01-18,68,218
2007-01-19,60,144
2007-01-22,49,134
2007-01-23,53,125
2007-01-24,78,159
2007-01-25,65,147
2007-01-26,73,185
2007-01-29,58,179
2007-01-30,80,181
2007-01-31,101,249
2007-02-01,72,262
2007-02-02,85,373
2007-02-05,65,410
2007-02-06,82,311
2007-02-07,80,340
2007-02-08,74,347
2007-02-09,67,316
2007-02-12,86,264
2007-02-13,89,301
2007-02-14,84,349
2007-02-15,83,328
2007-02-16,86,388
2007-02-20,102,359
2007-02-21,102,326
2007-02-22,83,434
2007-02-23,67,368
2007-02-26,99,351
2007-02-27,99,346
2007-02-28,130,344
2007-03-01,148,317
2007-03-02,137,314
2007-03-05,172,401
2007-03-06,129,192
2007-03-07,143,239
2007-03-08,91,270
2007-03-09,85,244
2007-03-12,85,246
2007-03-13,106,224
2007-03-14,129,220
2007-03-15,97,270
2007-03-16,108,273
2007-03-19,124,259
2007-03-20,88,209
2007-03-21,75,258
2007-03-22,61,236
2007-03-23,55,235
2007-03-26,78,246
2007-03-27,51,205
2007-03-28,56,173
2007-03-29,57,188
2007-03-30,104,172
2007-04-02,125,173
2007-04-03,93,316
2007-04-04,94,330
2007-04-05,53,254
2007-04-06,34,79
2007-04-09,52,100
2007-04-10,51,118
2007-04-11,52,200
2007-04-12,50,167
2007-04-13,63,152
2007-04-16,57,140
2007-04-17,59,203
2007-04-18,58,249
2007-04-19,42,130
2007-04-20,49,146
2007-04-23,51,149
2007-04-24,89,223
2007-04-25,53,207
2007-04-26,62,229
2007-04-27,91,243
2007-04-30,106,220
2007-05-01,121,349
2007-05-02,119,489
2007-05-03,121,489
2007-05-04,112,409
2007-05-07,95,325
2007-05-08,97,362
2007-05-09,113,334
2007-05-10,110,338
2007-05-11,100,292
2007-05-14,103,318
2007-05-15,125,335
2007-05-16,113,372
2007-05-17,147,313
2007-05-18,123,317
2007-05-21,159,312
2007-05-22,130,334
2007-05-23,84,361
2007-05-24,122,341
2007-05-25,130,303
2007-05-29,111,323
2007-05-30,109,320
2007-05-31,117,371
2007-06-01,93,381
2007-06-04,86,469
2007-06-05,87,407
2007-06-06,94,312
2007-06-07,84,222
2007-06-08,109,208
2007-06-11,73,160
2007-06-12,94,206
2007-06-13,67,202
2007-06-14,69,203
2007-06-15,88,313
2007-06-18,100,312
2007-06-19,75,265
2007-06-20,72,230
2007-06-21,70,225
2007-06-22,69,175
2007-06-25,77,148
2007-06-26,78,160
2007-06-27,66,143
2007-06-28,68,200
2007-06-29,86,162
2007-07-02,100,197
2007-07-03,138,364
2007-07-05,73,250
2007-07-06,32,137
2007-07-09,59,160
2007-07-10,70,158
2007-07-11,86,201
2007-07-12,69,163
2007-07-13,53,146
2007-07-16,73,160
2007-07-17,70,150
2007-07-18,48,175
2007-07-19,55,115
2007-07-20,64,130
2007-07-23,58,129
2007-07-24,110,156
2007-07-25,129,140
2007-07-26,103,160
2007-07-27,222,124
2007-07-30,150,114
2007-07-31,206,195
2007-08-01,145,257
2007-08-02,164,272
2007-08-03,197,373
2007-08-06,303,316
2007-08-07,230,246
2007-08-08,198,322
2007-08-09,212,313
2007-08-10,193,299
2007-08-13,242,278
2007-08-14,236,261
2007-08-15,230,233
2007-08-16,263,259
2007-08-17,295,254
2007-08-20,286,200
2007-08-21,209,277
2007-08-22,180,229
2007-08-23,219,206
2007-08-24,136,197
2007-08-27,162,187
2007-08-28,142,185
2007-08-29,170,210
2007-08-30,136,214
2007-08-31,144,209
2007-09-04,147,240
2007-09-05,148,311
2007-09-06,110,339
2007-09-07,117,247
2007-09-10,111,172
2007-09-11,136,167
2007-09-12,102,270
2007-09-13,103,211
2007-09-14,113,227
2007-09-17,113,180
2007-09-18,87,229
2007-09-19,85,253
2007-09-20,85,259
2007-09-21,64,214
2007-09-24,61,159
2007-09-25,93,183
2007-09-26,73,179
2007-09-27,84,171
2007-09-28,55,194
2007-10-01,104,178
2007-10-02,130,287
2007-10-03,91,307
2007-10-04,69,183
2007-10-05,61,137
2007-10-09,90,337
2007-10-10,28,180
2007-10-11,57,171
2007-10-12,105,221
2007-10-15,74,148
2007-10-16,66,168
2007-10-17,79,181
2007-10-18,59,132
2007-10-19,52,122
2007-10-22,81,120
2007-10-23,70,158
2007-10-24,75,176
2007-10-25,106,134
2007-10-26,99,148
2007-10-29,139,236
2007-10-30,129,246
2007-10-31,174,317
2007-11-01,119,282
2007-11-02,165,362
2007-11-05,180,329
2007-11-06,164,256
2007-11-07,176,315
2007-11-08,183,322
2007-11-09,210,247
2007-11-13,307,397
2007-11-14,196,261
2007-11-15,194,280
2007-11-16,205,323
2007-11-19,278,234
2007-11-20,314,283
2007-11-21,329,338
2007-11-23,73,49
2007-11-26,268,203
2007-11-27,237,129
2007-11-28,233,226
2007-11-29,194,255
2007-11-30,172,244
2007-12-03,268,239
2007-12-04,182,360
2007-12-05,218,334
2007-12-06,182,245
2007-12-07,146,272
2007-12-10,144,250
2007-12-11,146,309
2007-12-12,147,285
2007-12-13,190,232
2007-12-14,180,203
2007-12-17,199,173
2007-12-18,179,184
2007-12-19,194,176
2007-12-20,151,138
2007-12-21,241,188
2007-12-26,226,207
2007-12-27,104,167
2007-12-28,150,125
2007-12-31,119,82
2008-01-02,171,151
2008-01-03,138,237
2008-01-04,143,274
2008-01-07,158,132
2008-01-08,157,87
2008-01-09,123,135
2008-01-10,121,116
2008-01-11,150,94
2008-01-14,113,108
2008-01-15,135,80
2008-01-16,146,117
2008-01-17,81,127
2008-01-18,115,80
2008-01-22,157,83
2008-01-23,122,66
2008-01-24,115,118
2008-01-25,107,91
2008-01-28,162,82
2008-01-29,86,88
2008-01-30,97,101
2008-01-31,115,117
2008-02-01,107,159
2008-02-04,111,180
2008-02-05,110,244
2008-02-06,128,184
2008-02-07,89,165
2008-02-08,110,153
2008-02-11,121,153
2008-02-12,149,214
2008-02-13,128,189
2008-02-14,136,207
2008-02-15,136,215
2008-02-19,253,174
2008-02-20,111,207
2008-02-21,196,262
2008-02-22,180,167
2008-02-25,172,186
2008-02-26,166,155
2008-02-27,164,249
2008-02-28,190,234
2008-02-29,181,225
2008-03-03,209,196
2008-03-04,265,310
2008-03-05,220,254
2008-03-06,214,213
2008-03-07,198,203
2008-03-10,249,159
2008-03-11,231,174
2008-03-12,157,168
2008-03-13,213,183
2008-03-14,224,145
2008-03-17,239,160
2008-03-18,190,152
2008-03-19,211,181
2008-03-20,170,204
2008-03-21,83,63
2008-03-24,158,130
2008-03-25,105,110
2008-03-26,125,195
2008-03-27,99,172
2008-03-28,93,137
2008-03-31,104,147
2008-04-01,117,125
2008-04-02,146,206
2008-04-03,75,266
2008-04-04,119,183
2008-04-07,180,143
2008-04-08,91,151
2008-04-09,80,181
2008-04-10,111,147
2008-04-11,69,89
2008-04-14,82,102
2008-04-15,105,94
2008-04-16,124,129
2008-04-17,88,144
2008-04-18,57,131
2008-04-21,67,124
2008-04-22,54,149
2008-04-23,92,110
2008-04-24,71,134
2008-04-25,97,164
2008-04-28,79,173
2008-04-29,153,144
2008-04-30,167,197
2008-05-01,125,248
2008-05-02,140,315
2008-05-05,202,305
2008-05-06,130,284
2008-05-07,129,274
2008-05-08,161,267
2008-05-09,139,198
2008-05-12,179,229
2008-05-13,174,272
2008-05-14,194,344
2008-05-15,238,299
2008-05-16,205,326
2008-05-19,187,338
2008-05-20,172,261
2008-05-21,194,246
2008-05-22,187,257
2008-05-23,221,175
2008-05-27,185,191
2008-05-28,139,154
2008-05-29,214,274
2008-05-30,152,238
2008-06-02,228,257
2008-06-03,203,293
2008-06-04,139,362
2008-06-05,108,220
2008-06-06,133,230
2008-06-09,118,192
2008-06-10,145,168
2008-06-11,178,160
2008-06-12,125,185
2008-06-13,123,116
2008-06-16,150,224
2008-06-17,124,190
2008-06-18,102,187
2008-06-19,111,147
2008-06-20,130,72
2008-06-23,131,115
2008-06-24,146,111
2008-06-25,95,106
2008-06-26,83,87
2008-06-27,157,95
2008-06-30,129,104
2008-07-01,112,113
2008-07-02,184,191
2008-07-03,125,164
2008-07-07,123,80
2008-07-08,76,61
2008-07-09,153,123
2008-07-10,95,80
2008-07-11,89,99
2008-07-14,123,67
2008-07-15,77,71
2008-07-16,112,100
2008-07-17,137,119
2008-07-18,160,125
2008-07-21,123,84
2008-07-22,95,96
2008-07-23,101,122
2008-07-24,83,131
2008-07-25,146,107
2008-07-28,138,142
2008-07-29,138,146
2008-07-30,166,152
2008-07-31,126,147
2008-08-01,182,146
2008-08-04,211,207
2008-08-05,226,233
2008-08-06,167,197
2008-08-07,142,224
2008-08-08,145,198
2008-08-11,148,225
2008-08-12,161,305
2008-08-13,206,308
2008-08-14,160,218
2008-08-15,200,183
2008-08-18,170,255
2008-08-19,139,208
2008-08-20,214,184
2008-08-21,157,169
2008-08-22,124,136
2008-08-25,149,150
2008-08-26,142,150
2008-08-27,149,135
2008-08-28,127,183
2008-08-29,114,202
2008-09-02,144,179
2008-09-03,120,208
2008-09-04,111,272
2008-09-05,119,164
2008-09-08,118,105
2008-09-09,121,142
2008-09-10,108,213
2008-09-11,111,141
2008-09-12,130,133
2008-09-15,157,119
2008-09-16,138,113
2008-09-17,152,155
2008-09-18,139,132
2008-09-19,133,122
2008-09-22,125,195
2008-09-23,127,208
2008-09-24,92,103
2008-09-25,76,105
2008-09-26,72,72
2008-09-29,100,81
2008-09-30,132,68
2008-10-01,169,98
2008-10-02,158,148
2008-10-03,125,103
2008-10-06,124,62
2008-10-07,153,52
2008-10-08,160,76
2008-10-09,99,46
2008-10-10,175,68
2008-10-14,306,110
2008-10-15,204,79
2008-10-16,166,72
2008-10-17,99,80
2008-10-20,139,47
2008-10-21,91,43
2008-10-22,110,46
2008-10-23,135,49
2008-10-24,101,54
2008-10-27,199,57
2008-10-28,166,51
2008-10-29,202,56
2008-10-30,167,80
2008-10-31,153,92
2008-11-03,192,116
2008-11-04,163,147
2008-11-05,149,150
2008-11-06,203,111
2008-11-07,186,115
2008-11-10,240,92
2008-11-12,429,209
2008-11-13,301,108
2008-11-14,364,96
2008-11-17,307,127
2008-11-18,270,135
2008-11-19,370,92
2008-11-20,402,88
2008-11-21,462,88
2008-11-24,606,90
2008-11-25,402,129
2008-11-26,320,154
2008-11-28,87,40
2008-12-01,302,125
2008-12-02,262,109
2008-12-03,209,118
2008-12-04,203,83
2008-12-05,218,108
2008-12-08,215,108
2008-12-09,245,123
2008-12-10,197,124
2008-12-11,198,117
2008-12-12,221,95
2008-12-15,162,89
2008-12-16,170,108
2008-12-17,211,126
2008-12-18,126,134
2008-12-19,207,114
2008-12-22,130,96
2008-12-23,204,126
2008-12-24,92,43
2008-12-29,144,85
2008-12-30,170,75
2008-12-31,129,82
2009-01-02,88,74
2009-01-05,171,159
2009-01-06,152,138
2009-01-07,62,91
2009-01-08,118,55
2009-01-09,65,48
2009-01-12,104,33
2009-01-13,89,47
2009-01-14,92,57
2009-01-15,78,42
2009-01-16,78,68
2009-01-20,102,84
2009-01-21,107,43
2009-01-22,112,37
2009-01-23,87,42
2009-01-26,80,32
2009-01-27,82,50
2009-01-28,128,58
2009-01-29,73,83
2009-01-30,79,100
2009-02-02,167,69
2009-02-03,160,119
2009-02-04,156,130
2009-02-05,111,83
2009-02-06,123,127
2009-02-09,130,85
2009-02-10,143,115
2009-02-11,181,110
2009-02-12,147,109
2009-02-13,147,113
2009-02-17,250,131
2009-02-18,127,84
2009-02-19,225,105
2009-02-20,174,77
2009-02-23,182,65
2009-02-24,202,85
2009-02-25,261,123
2009-02-26,200,107
2009-02-27,200,116
2009-03-02,260,119
2009-03-03,269,128
2009-03-04,306,160
2009-03-05,312,119
2009-03-06,300,110
2009-03-09,343,80
2009-03-10,356,79
2009-03-11,205,89
2009-03-12,242,107
2009-03-13,219,101
2009-03-16,193,105
2009-03-17,187,122
2009-03-18,125,91
2009-03-19,157,91
2009-03-20,171,74
2009-03-23,136,87
2009-03-24,130,44
2009-03-25,99,101
2009-03-26,103,56
2009-03-27,81,59
2009-03-30,68,79
2009-03-31,106,54
2009-04-01,146,80
2009-04-02,119,96
2009-04-03,79,97
2009-04-06,66,82
2009-04-07,67,80
2009-04-08,56,65
2009-04-09,111,63
2009-04-10,27,32
2009-04-13,61,58
2009-04-14,38,38
2009-04-15,114,92
2009-04-16,55,50
2009-04-17,54,70
2009-04-20,79,82
2009-04-21,56,53
2009-04-22,41,71
2009-04-23,52,82
2009-04-24,87,80
2009-04-27,64,80
2009-04-28,46,103
2009-04-29,74,121
2009-04-30,67,107
2009-05-01,63,146
2009-05-04,106,193
2009-05-05,99,158
2009-05-06,97,209
2009-05-07,131,178
2009-05-08,89,158
2009-05-11,165,169
2009-05-12,103,159
2009-05-13,121,162
2009-05-14,191,132
2009-05-15,131,122
2009-05-18,126,154
2009-05-19,105,165
2009-05-20,121,148
2009-05-21,119,169
2009-05-22,128,142
2009-05-26,137,112
2009-05-27,125,147
2009-05-28,106,199
2009-05-29,116,147
2009-06-01,120,159
2009-06-02,142,254
2009-06-03,74,240
2009-06-04,137,161
2009-06-05,113,162
2009-06-08,79,181
2009-06-09,137,144
2009-06-10,104,145
2009-06-11,122,138
2009-06-12,66,137
2009-06-15,108,156
2009-06-16,111,126
2009-06-17,92,126
2009-06-18,91,107
2009-06-19,63,96
2009-06-22,70,77
2009-06-23,76,83
2009-06-24,68,70
2009-06-25,89,65
2009-06-26,72,66
2009-06-29,72,99
2009-06-30,51,108
2009-07-01,98,116
2009-07-02,143,153
2009-07-05,3,13
2009-07-06,81,104
2009-07-07,38,47
2009-07-08,30,79
2009-07-09,97,69
2009-07-10,50,62
2009-07-13,63,51
2009-07-14,41,63
2009-07-15,51,96
2009-07-16,44,104
2009-07-17,37,125
2009-07-20,52,74
2009-07-21,34,103
2009-07-22,39,97
2009-07-23,85,110
2009-07-24,49,111
2009-07-27,89,119
2009-07-28,58,170
2009-07-29,118,173
2009-07-30,81,124
2009-07-31,127,152
2009-08-03,77,201
2009-08-04,96,216
2009-08-05,74,264
2009-08-06,103,230
2009-08-07,64,182
2009-08-10,127,211
2009-08-11,67,229
2009-08-12,59,264
2009-08-13,105,213
2009-08-14,139,214
2009-08-17,113,177
2009-08-18,125,146
2009-08-19,97,156
2009-08-20,65,190
2009-08-21,69,154
2009-08-24,69,199
2009-08-25,91,233
2009-08-26,120,244
2009-08-27,103,199
2009-08-28,86,156
2009-08-31,100,175
2009-09-01,91,165
2009-09-02,138,166
2009-09-03,73,190
2009-09-04,91,113
2009-09-08,90,107
2009-09-09,67,157
2009-09-10,65,254
2009-09-11,58,223
2009-09-14,69,211
2009-09-15,58,196
2009-09-16,56,233
2009-09-17,79,201
2009-09-18,50,209
2009-09-21,59,155
2009-09-22,60,125
2009-09-23,56,154
2009-09-24,61,157
2009-09-25,83,110
2009-09-28,60,69
2009-09-29,108,106
2009-09-30,52,113
2009-10-01,64,140
2009-10-02,73,154
2009-10-05,83,122
2009-10-06,32,93
2009-10-07,74,108
2009-10-08,38,127
2009-10-09,45,113
2009-10-13,58,174
2009-10-14,53,117
2009-10-15,37,105
2009-10-16,45,125
2009-10-19,35,112
2009-10-20,63,105
2009-10-21,34,113
2009-10-22,35,78
2009-10-23,43,96
2009-10-26,48,105
2009-10-27,95,114
2009-10-28,63,106
2009-10-29,73,90
2009-10-30,86,83
2009-11-02,79,102
2009-11-03,118,122
2009-11-04,100,174
2009-11-05,94,125
2009-11-06,88,209
2009-11-09,100,192
2009-11-10,89,233
2009-11-12,210,504
2009-11-13,141,250
2009-11-16,136,202
2009-11-17,100,282
2009-11-18,106,324
2009-11-19,107,227
2009-11-20,126,169
2009-11-23,147,143
2009-11-24,134,268
2009-11-25,198,246
2009-11-27,26,42
2009-11-30,121,216
2009-12-01,185,117
2009-12-02,121,261
2009-12-03,108,267
2009-12-04,76,214
2009-12-07,89,181
2009-12-08,86,212
2009-12-09,98,178
2009-12-10,69,128
2009-12-11,87,168
2009-12-14,95,173
2009-12-15,85,194
2009-12-16,94,257
2009-12-17,70,209
2009-12-18,87,195
2009-12-21,108,137
2009-12-22,117,199
2009-12-23,60,240
2009-12-24,31,62
2009-12-28,112,157
2009-12-29,65,105
2009-12-30,80,137
2009-12-31,51,75
2010-01-04,127,139
2010-01-05,87,218
2010-01-06,60,234
2010-01-07,88,114
2010-01-08,69,140
2010-01-11,76,100
2010-01-12,57,146
2010-01-13,102,141
2010-01-14,28,102
2010-01-15,37,112
2010-01-19,111,138
2010-01-20,37,113
2010-01-21,82,110
2010-01-22,61,97
2010-01-25,45,67
2010-01-26,53,73
2010-01-27,67,94
2010-01-28,54,65
2010-01-29,58,74
2010-02-01,74,100
2010-02-02,114,143
2010-02-03,105,182
2010-02-04,67,152
2010-02-05,90,113
2010-02-08,75,78
2010-02-09,104,150
2010-02-10,45,147
2010-02-11,78,143
2010-02-12,68,207
2010-02-16,83,201
2010-02-17,88,199
2010-02-18,91,315
2010-02-19,81,214
2010-02-22,80,192
2010-02-23,90,210
2010-02-24,64,221
2010-02-25,87,255
2010-02-26,78,208
2010-03-01,123,227
2010-03-02,84,306
2010-03-03,129,424
2010-03-04,124,273
2010-03-05,108,281
2010-03-08,91,265
2010-03-09,81,275
2010-03-10,63,319
2010-03-11,109,295
2010-03-12,58,292
2010-03-15,92,244
2010-03-16,105,259
2010-03-17,70,244
2010-03-18,65,246
2010-03-19,87,203
2010-03-22,100,175
2010-03-23,69,154
2010-03-24,50,181
2010-03-25,69,150
2010-03-26,50,170
2010-03-29,58,118
2010-03-30,64,126
2010-03-31,62,171
2010-04-01,77,191
2010-04-02,48,143
2010-04-05,79,185
2010-04-06,57,151
2010-04-07,74,210
2010-04-08,40,150
2010-04-09,65,126
2010-04-12,31,103
2010-04-13,51,162
2010-04-14,39,176
2010-04-15,34,163
2010-04-16,36,229
2010-04-19,32,135
2010-04-20,98,98
2010-04-21,33,134
2010-04-22,39,132
2010-04-23,45,176
2010-04-26,45,185
2010-04-27,54,227
2010-04-28,52,230
2010-04-29,42,187
2010-04-30,47,163
2010-05-03,87,201
2010-05-04,101,297
2010-05-05,99,327
2010-05-06,136,194
2010-05-07,96,152
2010-05-10,131,160
2010-05-11,174,178
2010-05-12,89,272
2010-05-13,105,313
2010-05-14,81,293
2010-05-17,139,247
2010-05-18,121,193
2010-05-19,95,258
2010-05-20,174,130
2010-05-21,151,93
2010-05-24,150,102
2010-05-25,147,108
2010-05-26,128,121
2010-05-27,182,171
2010-05-28,73,163
2010-06-01,96,205
2010-06-02,116,166
2010-06-03,158,256
2010-06-04,102,162
2010-06-07,102,135
2010-06-08,132,139
2010-06-09,97,111
2010-06-10,104,120
2010-06-11,94,119
2010-06-14,88,135
2010-06-15,63,179
2010-06-16,124,234
2010-06-17,66,194
2010-06-18,83,118
2010-06-21,71,110
2010-06-22,91,120
2010-06-23,44,125
2010-06-24,43,92
2010-06-25,47,50
2010-06-28,88,69
2010-06-29,56,97
2010-06-30,53,95
2010-07-01,148,88
2010-07-02,103,114
2010-07-06,77,127
2010-07-07,55,84
2010-07-08,68,101
2010-07-09,64,75
2010-07-12,43,80
2010-07-13,35,62
2010-07-14,27,89
2010-07-15,41,112
2010-07-16,66,79
2010-07-19,39,66
2010-07-20,49,51
2010-07-21,38,62
2010-07-22,70,70
2010-07-23,36,87
2010-07-26,38,109
2010-07-27,52,150
2010-07-28,84,195
2010-07-29,97,139
2010-07-30,54,95
2010-08-02,95,154
2010-08-03,70,253
2010-08-04,94,243
2010-08-05,90,211
2010-08-06,69,182
2010-08-09,96,171
2010-08-10,131,189
2010-08-11,108,205
2010-08-12,142,153
2010-08-13,123,143
2010-08-16,145,126
2010-08-17,133,163
2010-08-18,111,199
2010-08-19,102,164
2010-08-20,108,139
2010-08-23,142,99
2010-08-24,133,99
2010-08-25,113,128
2010-08-26,163,86
2010-08-27,103,113
2010-08-30,104,117
2010-08-31,125,107
2010-09-01,110,138
2010-09-02,89,175
2010-09-03,78,224
2010-09-07,76,159
2010-09-08,91,162
2010-09-09,53,102
2010-09-10,86,154
2010-09-13,84,160
2010-09-14,89,193
2010-09-15,51,228
2010-09-16,71,203
2010-09-17,65,183
2010-09-20,62,129
2010-09-21,80,161
2010-09-22,47,168
2010-09-23,83,134
2010-09-24,60,73
2010-09-27,34,87
2010-09-28,42,158
2010-09-29,45,124
2010-09-30,56,128
2010-10-01,62,140
2010-10-04,72,192
2010-10-05,56,176
2010-10-06,51,118
2010-10-07,94,146
2010-10-08,25,114
2010-10-12,113,192
2010-10-13,31,127
2010-10-14,71,126
2010-10-15,48,131
2010-10-18,88,118
2010-10-19,18,130
2010-10-20,42,96
2010-10-21,45,65
2010-10-22,50,130
2010-10-25,27,103
2010-10-26,30,156
2010-10-27,50,181
2010-10-28,45,132
2010-10-29,54,199
2010-11-01,93,198
2010-11-02,83,249
2010-11-03,84,315
2010-11-04,75,323
2010-11-05,68,371
2010-11-08,81,371
2010-11-09,80,352
2010-11-10,81,359
2010-11-12,133,555
2010-11-15,73,230
2010-11-16,113,231
2010-11-17,144,264
2010-11-18,92,175
2010-11-19,89,276
2010-11-22,103,236
2010-11-23,101,251
2010-11-24,106,250
2010-11-26,23,64
2010-11-29,80,292
2010-11-30,132,151
2010-12-01,137,252
2010-12-02,106,331
2010-12-03,75,419
2010-12-06,79,296
2010-12-07,61,311
2010-12-08,63,294
2010-12-09,62,262
2010-12-10,65,286
2010-12-13,124,273
2010-12-14,87,342
2010-12-15,74,279
2010-12-16,87,291
2010-12-17,90,313
2010-12-20,69,213
2010-12-21,115,243
2010-12-22,74,294
2010-12-23,87,155
2010-12-27,58,118
2010-12-28,28,77
2010-12-29,69,133
2010-12-30,39,104
2011-01-03,99,160
2011-01-04,78,233
2011-01-05,57,261
2011-01-06,36,140
2011-01-07,58,157
2011-01-10,28,98
2011-01-11,42,114
2011-01-12,73,121
2011-01-13,49,139
2011-01-14,41,135
2011-01-18,28,162
2011-01-19,34,149
2011-01-20,36,160
2011-01-21,86,104
2011-01-24,38,80
2011-01-25,77,74
2011-01-26,42,115
2011-01-27,111,98
2011-01-28,48,157
2011-01-31,61,129
2011-02-01,99,149
2011-02-02,64,225
2011-02-03,69,297
2011-02-04,69,171
2011-02-07,38,193
2011-02-08,51,250
2011-02-09,76,300
2011-02-10,62,243
2011-02-11,62,235
2011-02-14,64,257
2011-02-15,69,319
2011-02-16,84,325
2011-02-17,68,308
2011-02-18,64,311
2011-02-22,81,296
2011-02-23,102,215
2011-02-24,129,269
2011-02-25,71,181
2011-02-28,72,232
2011-03-01,81,344
2011-03-02,107,378
2011-03-03,131,338
2011-03-04,66,333
2011-03-07,92,271
2011-03-08,82,273
2011-03-09,68,261
2011-03-10,67,249
2011-03-11,74,230
2011-03-14,88,133
2011-03-15,104,179
2011-03-16,120,188
2011-03-17,130,231
2011-03-18,113,199
2011-03-21,101,163
2011-03-22,66,163
2011-03-23,60,165
2011-03-24,50,120
2011-03-25,25,120
2011-03-28,92,160
2011-03-29,48,157
2011-03-30,30,178
2011-03-31,89,129
2011-04-01,73,195
2011-04-04,96,267
2011-04-05,67,265
2011-04-06,80,170
2011-04-07,67,149
2011-04-08,35,157
2011-04-11,25,80
2011-04-12,29,121
2011-04-13,56,121
2011-04-14,34,91
2011-04-15,50,107
2011-04-18,61,124
2011-04-19,101,110
2011-04-20,77,106
2011-04-21,36,128
2011-04-22,22,62
2011-04-25,38,95
2011-04-26,27,76
2011-04-27,56,164
2011-04-28,35,174
2011-04-29,64,200
2011-05-02,52,222
2011-05-03,136,424
2011-05-04,100,315
2011-05-05,68,234
2011-05-06,69,215
2011-05-09,87,249
2011-05-10,91,300
2011-05-11,144,375
2011-05-12,86,287
2011-05-13,114,305
2011-05-16,89,251
2011-05-17,135,257
2011-05-18,98,285
2011-05-19,118,219
2011-05-20,100,256
2011-05-23,102,203
2011-05-24,99,184
2011-05-25,105,151
2011-05-26,117,196
2011-05-27,79,187
2011-05-31,106,219
2011-06-01,130,222
2011-06-02,96,336
2011-06-03,89,278
2011-06-06,88,148
2011-06-07,90,135
2011-06-08,103,147
2011-06-09,88,126
2011-06-10,80,132
2011-06-13,85,108
2011-06-14,114,134
2011-06-15,91,136
2011-06-16,90,174
2011-06-17,71,145
2011-06-20,54,85
2011-06-21,60,112
2011-06-22,38,126
2011-06-23,52,114
2011-06-24,61,86
2011-06-27,41,67
2011-06-28,45,91
2011-06-29,67,114
2011-06-30,55,135
2011-07-01,66,148
2011-07-05,82,207
2011-07-06,31,225
2011-07-07,111,124
2011-07-08,39,171
2011-07-11,78,136
2011-07-12,22,113
2011-07-13,64,104
2011-07-14,30,76
2011-07-15,28,106
2011-07-18,39,87
2011-07-19,20,112
2011-07-20,25,80
2011-07-21,39,116
2011-07-22,27,110
2011-07-25,23,98
2011-07-26,62,96
2011-07-27,61,112
2011-07-28,84,91
2011-07-29,45,111
2011-08-01,81,94
2011-08-02,79,176
2011-08-03,112,214
2011-08-04,124,108
2011-08-05,139,109
2011-08-08,244,87
2011-08-09,345,119
2011-08-10,357,78
2011-08-11,301,112
2011-08-12,212,98
2011-08-15,236,114
2011-08-16,172,110
2011-08-17,133,163
2011-08-18,139,99
2011-08-19,197,67
2011-08-22,247,70
2011-08-23,82,23
2011-08-24,271,141
2011-08-25,112,80
2011-08-26,117,106
2011-08-29,109,92
2011-08-30,114,119
2011-08-31,95,155
2011-09-01,84,157
2011-09-02,88,153
2011-09-06,130,154
2011-09-07,159,82
2011-09-08,112,106
2011-09-09,125,140
2011-09-12,118,116
2011-09-13,108,91
2011-09-14,104,103
2011-09-15,76,115
2011-09-16,95,146
2011-09-19,75,114
2011-09-20,90,105
2011-09-21,76,81
2011-09-22,99,63
2011-09-23,112,51
2011-09-26,126,43
2011-09-27,123,53
2011-09-28,66,81
2011-09-29,90,88
2011-09-30,50,46
2011-10-03,80,50
2011-10-04,119,93
2011-10-05,82,103
2011-10-06,96,58
2011-10-07,39,65
2011-10-11,114,99
2011-10-12,53,96
2011-10-13,27,68
2011-10-14,48,84
2011-10-17,52,54
2011-10-18,38,75
2011-10-19,23,100
2011-10-20,43,76
2011-10-21,25,68
2011-10-24,45,67
2011-10-25,41,101
2011-10-26,26,176
2011-10-27,57,113
2011-10-28,53,211
2011-10-31,61,210
2011-11-01,71,215
2011-11-02,88,197
2011-11-03,99,195
2011-11-04,63,149
2011-11-07,87,184
2011-11-08,71,196
2011-11-09,92,204
2011-11-10,95,174
2011-11-14,155,315
2011-11-15,107,209
2011-11-16,124,220
2011-11-17,108,236
2011-11-18,148,176
2011-11-21,149,106
2011-11-22,188,145
2011-11-23,173,123
2011-11-25,44,30
2011-11-28,184,96
2011-11-29,93,108
2011-11-30,122,141
2011-12-01,128,209
2011-12-02,105,269
2011-12-05,107,233
2011-12-06,91,223
2011-12-07,125,211
2011-12-08,105,160
2011-12-09,111,143
2011-12-12,117,110
2011-12-13,99,156
2011-12-14,102,148
2011-12-15,94,120
2011-12-16,111,143
2011-12-19,81,137
2011-12-20,93,141
2011-12-21,82,127
2011-12-22,112,125
2011-12-23,52,115
2011-12-27,65,109
2011-12-28,65,81
2011-12-29,121,79
2011-12-30,53,50
2012-01-03,111,152
2012-01-04,107,144
2012-01-05,56,225
2012-01-06,49,74
2012-01-09,53,86
2012-01-10,29,96
2012-01-11,34,112
2012-01-12,40,127
2012-01-13,60,106
2012-01-17,50,95
2012-01-18,42,116
2012-01-19,60,154
2012-01-20,31,113
2012-01-23,46,106
2012-01-24,38,121
2012-01-25,37,87
2012-01-26,60,89
2012-01-27,36,136
2012-01-30,62,114
2012-01-31,56,142
2012-02-01,66,178
2012-02-02,80,217
2012-02-03,75,324
2012-02-06,78,260
2012-02-07,51,268
2012-02-08,47,229
2012-02-09,70,201
2012-02-10,59,212
2012-02-13,62,220
2012-02-14,95,215
2012-02-15,79,261
2012-02-16,75,227
2012-02-17,79,340
2012-02-21,86,284
2012-02-22,64,236
2012-02-23,84,294
2012-02-24,68,284
2012-02-27,63,259
2012-02-28,59,247
2012-02-29,65,340
2012-03-01,84,318
2012-03-02,86,378
2012-03-05,93,334
2012-03-06,103,226
2012-03-07,112,207
2012-03-08,96,189
2012-03-09,74,223
2012-03-12,59,260
2012-03-13,68,309
2012-03-14,70,306
2012-03-15,63,278
2012-03-16,61,238
2012-03-19,75,250
2012-03-20,74,194
2012-03-21,48,192
2012-03-22,50,134
2012-03-23,50,137
2012-03-26,48,99
2012-03-27,42,184
2012-03-28,35,228
2012-03-29,72,194
2012-03-30,56,109
2012-04-02,86,124
2012-04-03,88,223
2012-04-04,65,267
2012-04-05,70,117
2012-04-06,21,62
2012-04-09,40,45
2012-04-10,40,72
2012-04-11,48,88
2012-04-12,35,66
2012-04-13,26,78
2012-04-16,107,73
2012-04-17,48,79
2012-04-18,48,147
2012-04-19,38,79
2012-04-20,44,71
2012-04-23,35,71
2012-04-24,33,117
2012-04-25,27,75
2012-04-26,44,126
2012-04-27,51,139
2012-04-30,53,191
2012-05-01,67,204
2012-05-02,78,293
2012-05-03,83,314
2012-05-04,72,194
2012-05-07,85,149
2012-05-08,112,165
2012-05-09,150,199
2012-05-10,106,148
2012-05-11,94,159
2012-05-14,144,157
2012-05-15,121,190
2012-05-16,153,185
2012-05-17,196,185
2012-05-18,191,130
2012-05-21,159,112
2012-05-22,122,132
2012-05-23,134,151
2012-05-24,158,133
2012-05-25,97,130
2012-05-29,154,146
2012-05-30,98,111
2012-05-31,106,191
2012-06-01,123,107
2012-06-04,146,145
2012-06-05,119,156
2012-06-06,97,109
2012-06-07,100,142
2012-06-08,56,158
2012-06-11,69,144
2012-06-12,64,160
2012-06-13,77,163
2012-06-14,72,122
2012-06-15,92,141
2012-06-18,88,134
2012-06-19,86,159
2012-06-20,90,131
2012-06-21,59,130
2012-06-22,66,101
2012-06-25,42,61
2012-06-26,68,79
2012-06-27,68,77
2012-06-28,46,74
2012-06-29,64,97
2012-07-02,81,93
2012-07-03,92,282
2012-07-05,62,171
2012-07-06,45,97
2012-07-09,55,89
2012-07-10,38,70
2012-07-11,36,104
2012-07-12,45,71
2012-07-13,43,67
2012-07-16,35,69
2012-07-17,34,109
2012-07-18,35,95
2012-07-19,21,92
2012-07-20,33,82
2012-07-23,48,83
2012-07-24,67,65
2012-07-25,35,113
2012-07-26,43,68
2012-07-27,105,112
2012-07-30,39,146
2012-07-31,60,209
2012-08-01,58,172
2012-08-02,120,191
2012-08-03,110,193
2012-08-06,77,191
2012-08-07,60,260
2012-08-08,77,263
2012-08-09,110,219
2012-08-10,97,196
2012-08-13,92,227
2012-08-14,81,217
2012-08-15,107,195
2012-08-16,112,248
2012-08-17,64,281
2012-08-20,103,219
2012-08-21,87,203
2012-08-22,92,211
2012-08-23,83,197
2012-08-24,85,173
2012-08-27,64,150
2012-08-28,68,205
2012-08-29,85,183
2012-08-30,70,186
2012-08-31,73,144
2012-09-04,80,172
2012-09-05,61,211
2012-09-06,95,325
2012-09-07,75,250
2012-09-10,70,233
2012-09-11,110,224
2012-09-12,69,234
2012-09-13,54,190
2012-09-14,70,274
2012-09-17,50,248
2012-09-18,54,249
2012-09-19,63,187
2012-09-20,33,114
2012-09-21,38,125
2012-09-24,40,111
2012-09-25,45,126
2012-09-26,38,113
2012-09-27,45,101
2012-09-28,57,73
2012-10-01,61,123
2012-10-02,62,168
2012-10-03,66,217
2012-10-04,47,98
2012-10-05,30,115
2012-10-09,112,166
2012-10-10,65,81
2012-10-11,53,79
2012-10-12,34,56
2012-10-15,48,69
2012-10-16,46,86
2012-10-17,43,132
2012-10-18,25,86
2012-10-19,26,93
2012-10-22,52,82
2012-10-23,80,90
2012-10-24,30,78
2012-10-25,66,61
2012-10-26,50,98
2012-10-29,34,110
2012-10-30,19,59
2012-10-31,26,26
2012-11-01,50,130
2012-11-02,85,320
2012-11-05,73,309
2012-11-06,77,219
2012-11-07,76,277
2012-11-08,108,217
2012-11-09,119,154
2012-11-13,220,285
2012-11-14,144,205
2012-11-15,177,183
2012-11-16,171,193
2012-11-19,171,207
2012-11-20,179,299
2012-11-21,160,335
2012-11-23,31,146
2012-11-26,105,235
2012-11-27,57,181
2012-11-28,80,267
2012-11-29,90,270
2012-11-30,83,286
2012-12-03,100,278
2012-12-04,90,285
2012-12-13,107,321
2012-12-14,97,315
2012-12-17,66,214
2012-12-18,70,275
2012-12-19,81,283
2012-12-20,67,243
2012-12-21,143,264
2012-12-26,86,214
2012-12-27,98,113
2012-12-28,109,132
2012-12-31,48,112
2013-01-02,98,166
2013-01-03,143,251
2013-01-04,61,241
2013-01-07,54,93
2013-01-08,53,100
2013-01-09,31,99
2013-01-10,33,86
2013-01-11,38,103
2013-01-14,24,80
2013-01-15,56,79
2013-01-16,29,128
2013-01-17,54,149
2013-01-18,34,87
2013-01-22,47,91
2013-01-23,29,102
2013-01-24,22,138
2013-01-25,25,113
2013-01-28,47,148
2013-01-29,39,148
2013-01-30,37,180
2013-01-31,34,133
2013-02-01,48,168
2013-02-04,96,233
2013-02-05,52,311
2013-02-06,95,225
2013-02-07,64,193
2013-02-08,73,190
2013-02-11,33,208
2013-02-12,47,231
2013-02-13,58,233
2013-02-14,47,223
2013-02-15,57,242
2013-02-19,57,343
2013-02-20,44,344
2013-02-21,61,340
2013-02-22,80,241
2013-02-25,72,187
2013-02-26,66,222
2013-02-27,74,233
2013-02-28,64,266
2013-03-01,62,315
2013-03-04,90,273
2013-03-05,80,383
2013-03-06,136,352
2013-03-07,82,394
2013-03-08,67,274
2013-03-11,56,282
2013-03-12,78,335
2013-03-13,61,352
2013-03-14,80,245
2013-03-15,77,306
2013-03-18,77,300
2013-03-19,60,219
2013-03-20,63,201
2013-03-21,46,136
2013-03-22,61,173
2013-03-25,45,143
2013-03-26,50,150
2013-03-27,46,132
2013-03-28,66,151
2013-03-29,27,69
2013-04-01,54,120
2013-04-02,50,168
2013-04-03,71,303
2013-04-04,68,102
2013-04-05,51,98
2013-04-08,46,110
2013-04-09,51,84
2013-04-10,54,113
2013-04-11,46,115
2013-04-12,37,130
2013-04-15,37,94
2013-04-16,54,123
2013-04-17,63,141
2013-04-18,41,82
2013-04-19,35,71
2013-04-22,27,66
2013-04-23,46,88
2013-04-24,59,104
2013-04-25,24,97
2013-04-26,36,151
2013-04-29,63,159
2013-04-30,70,149
2013-05-01,54,226
2013-05-02,94,280
2013-05-03,83,281
2013-05-06,90,292
2013-05-07,86,310
2013-05-08,65,333
2013-05-09,58,275
2013-05-10,79,267
2013-05-13,89,262
2013-05-14,83,295
2013-05-15,70,377
2013-05-16,97,379
2013-05-17,78,383
2013-05-20,95,287
2013-05-21,68,294
2013-05-22,84,319
2013-05-23,133,292
2013-05-24,84,216
2013-05-28,121,159
2013-05-29,87,235
2013-05-30,59,283
2013-05-31,60,217
2013-06-03,90,222
2013-06-04,85,269
2013-06-05,80,350
2013-06-06,86,139
2013-06-07,65,174
2013-06-10,49,151
2013-06-11,64,227
2013-06-12,73,203
2013-06-13,92,177
2013-06-14,60,151
2013-06-17,67,172
2013-06-18,56,168
2013-06-19,59,204
2013-06-20,53,132
2013-06-21,50,103
2013-06-24,72,87
2013-06-25,78,72
2013-06-26,57,108
2013-06-27,47,104
2013-06-28,55,73
2013-07-01,119,115
2013-07-02,117,264
2013-07-03,78,266
2013-07-05,17,31
2013-07-08,44,110
2013-07-09,56,128
2013-07-10,26,128
2013-07-11,37,112
2013-07-12,24,123
2013-07-15,56,138
2013-07-16,50,138
2013-07-17,33,168
2013-07-18,25,113
2013-07-19,50,123
2013-07-22,11,117
2013-07-23,77,112
2013-07-24,41,150
2013-07-25,28,122
2013-07-26,52,161
2013-07-29,69,145
2013-07-30,48,207
2013-07-31,39,196
2013-08-01,105,260
2013-08-02,71,385
2013-08-05,80,384
2013-08-06,65,317
2013-08-07,53,323
2013-08-08,72,220
2013-08-09,86,199
2013-08-12,83,240
2013-08-13,82,233
2013-08-14,83,301
2013-08-15,92,264
2013-08-16,122,258
2013-08-19,174,219
2013-08-20,114,168
2013-08-21,94,214
2013-08-22,95,147
2013-08-23,60,167
2013-08-26,122,180
2013-08-27,66,176
2013-08-28,129,176
2013-08-29,121,108
2013-08-30,97,162
2013-09-03,101,174
2013-09-04,73,222
2013-09-05,91,314
2013-09-06,77,206
2013-09-09,77,153
2013-09-10,65,224
2013-09-11,70,228
2013-09-12,44,234
2013-09-13,54,254
2013-09-16,69,163
2013-09-17,58,234
2013-09-18,59,229
2013-09-19,36,141
2013-09-20,62,180
2013-09-23,37,145
2013-09-24,44,169
2013-09-25,25,145
2013-09-26,35,154
2013-09-27,26,104
2013-09-30,44,89
2013-10-01,34,119
2013-10-02,58,233
2013-10-03,80,245
2013-10-04,33,94
2013-10-07,47,76
2013-10-08,95,108
2013-10-09,30,77
2013-10-10,22,70
2013-10-11,31,98
2013-10-15,49,185
2013-10-16,31,124
2013-10-17,47,149
2013-10-18,44,121
2013-10-21,48,129
2013-10-22,43,131
2013-10-23,39,181
2013-10-24,29,117
2013-10-25,21,124
2013-10-28,47,169
2013-10-29,58,196
2013-10-30,34,189
2013-10-31,72,193
2013-11-01,52,188
2013-11-04,62,267
2013-11-05,69,391
2013-11-06,44,261
2013-11-07,64,218
2013-11-08,73,260
2013-11-12,118,401
2013-11-13,70,327
2013-11-14,88,274
2013-11-15,69,313
2013-11-18,121,289
2013-11-19,107,352
2013-11-20,105,270
2013-11-21,90,226
2013-11-22,90,279
2013-11-25,75,270
2013-11-26,88,322
2013-11-27,56,312
2013-11-29,19,89
2013-12-02,87,278
2013-12-03,77,214
2013-12-04,90,343
2013-12-05,87,163
2013-12-06,102,200
2013-12-09,64,188
2013-12-10,52,235
2013-12-11,74,222
2013-12-12,88,208
2013-12-13,70,178
2013-12-16,89,162
2013-12-17,56,250
2013-12-18,86,223
2013-12-19,83,153
2013-12-20,92,208
2013-12-23,40,152
2013-12-24,22,115
2013-12-26,35,168
2013-12-27,14,80
2013-12-30,58,109
2013-12-31,32,83
2014-01-02,73,133
2014-01-03,68,244
2014-01-06,82,251
2014-01-07,40,133
2014-01-08,32,134
2014-01-09,66,129
2014-01-10,13,119
2014-01-13,22,101
2014-01-14,58,122
2014-01-15,35,139
2014-01-16,38,133
2014-01-17,45,211
2014-01-21,40,136
2014-01-22,24,102
2014-01-23,33,173
2014-01-24,32,108
2014-01-27,47,79
2014-01-28,109,120
2014-01-29,45,114
2014-01-30,39,123
2014-01-31,70,113
2014-02-03,75,125
2014-02-04,85,220
2014-02-05,84,272
2014-02-06,84,136
2014-02-07,68,183
2014-02-10,58,158
2014-02-11,52,258
2014-02-12,63,289
2014-02-13,46,247
2014-02-14,42,225
2014-02-18,54,308
2014-02-19,52,322
2014-02-20,74,449
2014-02-21,68,250
2014-02-24,63,270
2014-02-25,43,312
2014-02-26,103,358
2014-02-27,45,286
2014-02-28,43,312
2014-03-03,68,295
2014-03-04,98,429
2014-03-05,57,537
2014-03-06,57,324
2014-03-07,57,379
2014-03-10,61,268
2014-03-11,49,313
2014-03-12,49,295
2014-03-13,76,267
2014-03-14,45,232
2014-03-17,61,232
2014-03-18,91,222
2014-03-19,54,223
2014-03-20,59,192
2014-03-21,69,160
2014-03-24,54,156
2014-03-25,42,119
2014-03-26,30,148
2014-03-27,84,118
2014-03-28,58,96
2014-03-31,55,99
2014-04-01,45,156
2014-04-02,84,275
2014-04-03,45,293
2014-04-04,63,127
2014-04-07,33,101
2014-04-08,26,94
2014-04-09,54,126
2014-04-10,101,95
2014-04-11,27,87
2014-04-14,31,64
2014-04-15,57,86
2014-04-16,62,141
2014-04-17,120,155
2014-04-18,23,49
2014-04-21,30,48
2014-04-22,23,77
2014-04-23,37,132
2014-04-24,57,114
2014-04-25,34,97
2014-04-28,33,95
2014-04-29,84,80
2014-04-30,62,134
2014-05-01,53,172
2014-05-02,70,268
2014-05-05,93,248
2014-05-06,84,206
2014-05-07,83,221
2014-05-08,117,169
2014-05-09,99,204
2014-05-12,84,186
2014-05-13,108,270
2014-05-14,103,293
2014-05-15,96,194
2014-05-16,166,222
2014-05-19,133,240
2014-05-20,95,180
2014-05-21,124,225
2014-05-22,102,172
2014-05-23,91,177
2014-05-27,74,178
2014-05-28,58,226
2014-05-29,74,277
2014-05-30,69,238
2014-06-02,71,213
2014-06-03,62,285
2014-06-04,108,282
2014-06-05,64,189
2014-06-06,74,255
2014-06-09,64,230
2014-06-10,58,253
2014-06-11,39,245
2014-06-12,67,188
2014-06-13,55,186
2014-06-16,97,183
2014-06-17,56,182
2014-06-18,59,209
2014-06-19,25,164
2014-06-20,53,143
2014-06-23,44,155
2014-06-24,67,133
2014-06-25,28,135
2014-06-26,45,129
2014-06-27,32,105
2014-06-30,52,109
2014-07-01,71,149
2014-07-02,93,268
2014-07-03,57,239
2014-07-07,34,88
2014-07-08,57,97
2014-07-09,94,88
2014-07-10,23,63
2014-07-11,31,82
2014-07-14,37,69
2014-07-15,25,109
2014-07-16,84,124
2014-07-17,107,124
2014-07-18,39,70
2014-07-21,31,71
2014-07-22,84,88
2014-07-23,57,96
2014-07-24,51,112
2014-07-25,55,128
2014-07-28,50,98
2014-07-29,71,119
2014-07-30,48,137
2014-07-31,64,143
2014-08-01,85,160
2014-08-04,116,166
2014-08-05,154,284
2014-08-06,96,184
2014-08-07,65,165
2014-08-08,75,152
2014-08-11,62,146
2014-08-12,56,201
2014-08-13,86,235
2014-08-14,119,234
2014-08-15,99,211
2014-08-18,103,254
2014-08-19,99,292
2014-08-20,82,224
2014-08-21,96,213
2014-08-22,63,196
2014-08-25,111,201
2014-08-26,65,185
2014-08-27,72,263
2014-08-28,56,216
2014-08-29,72,165
2014-09-02,63,144
2014-09-03,88,280
2014-09-04,78,343
2014-09-05,50,189
2014-09-08,62,162
2014-09-09,60,160
2014-09-10,50,203
2014-09-11,53,150
2014-09-12,67,188
2014-09-15,69,154
2014-09-16,76,163
2014-09-17,54,178
2014-09-18,56,94
2014-09-19,93,133
2014-09-22,77,117
2014-09-23,108,89
2014-09-24,66,80
2014-09-25,95,85
2014-09-26,54,72
2014-09-29,39,48
2014-09-30,75,88
2014-10-01,104,121
2014-10-02,76,172
2014-10-03,43,202
2014-10-06,64,58
2014-10-07,31,98
2014-10-08,49,82
2014-10-09,48,94
2014-10-10,55,84
2014-10-14,57,112
2014-10-15,67,96
2014-10-16,47,107
2014-10-17,77,114
2014-10-20,68,61
2014-10-21,63,78
2014-10-22,61,88
2014-10-23,42,96
2014-10-24,49,102
2014-10-27,50,95
2014-10-28,33,115
2014-10-29,91,155
2014-10-30,31,174
2014-10-31,53,179
2014-11-03,59,257
2014-11-04,109,343
2014-11-05,47,336
2014-11-06,67,256
2014-11-07,70,251
2014-11-10,107,237
2014-11-12,178,528
2014-11-13,101,230
2014-11-14,119,233
2014-11-17,120,215
2014-11-18,106,262
2014-11-19,109,310
2014-11-20,119,231
2014-11-21,109,192
2014-11-24,122,206
2014-11-25,101,291
2014-11-26,98,309
2014-11-28,24,55
2014-12-01,135,247
2014-12-02,131,228
2014-12-03,98,316
2014-12-04,112,201
2014-12-05,89,238
2014-12-08,105,144
2014-12-09,93,205
2014-12-10,149,228
2014-12-11,106,216
2014-12-12,129,202
2014-12-15,188,159
2014-12-16,127,189
2014-12-17,95,214
2014-12-18,103,178
2014-12-19,119,204
2014-12-22,83,168
2014-12-23,74,222
2014-12-24,43,116
2014-12-29,65,169
2014-12-30,75,94
2014-12-31,43,89
2015-01-02,35,71
2015-01-05,89,288
2015-01-06,48,256
2015-01-07,66,141
2015-01-08,61,90
2015-01-09,38,114
2015-01-12,28,113
2015-01-13,26,87
2015-01-14,45,106
2015-01-15,39,122
2015-01-16,51,134
2015-01-20,56,184
2015-01-21,31,85
2015-01-22,82,102
2015-01-23,34,92
2015-01-26,79,71
2015-01-27,58,85
2015-01-28,65,108
2015-01-29,39,66
2015-01-30,69,112
2015-02-02,85,103
2015-02-03,70,196
2015-02-04,81,266
2015-02-05,98,191
2015-02-06,73,176
2015-02-09,49,202
2015-02-10,74,193
2015-02-11,67,211
2015-02-12,41,235
2015-02-13,81,249
2015-02-17,52,277
2015-02-18,63,321
2015-02-19,52,309
2015-02-20,73,280
2015-02-23,83,245
2015-02-24,71,286
2015-02-25,114,307
2015-02-26,59,267
2015-02-27,85,281
2015-03-02,84,278
2015-03-03,88,383
2015-03-04,105,416
2015-03-05,95,224
2015-03-06,84,292
2015-03-09,89,267
2015-03-10,124,255
2015-03-11,86,283
2015-03-12,123,212
2015-03-13,63,220
2015-03-16,114,265
2015-03-17,65,221
2015-03-18,85,237
2015-03-19,70,184
2015-03-20,78,209
2015-03-23,62,178
2015-03-24,79,227
2015-03-25,52,164
2015-03-26,44,114
2015-03-27,62,97
2015-03-30,90,100
2015-03-31,76,98
2015-04-01,64,181
2015-04-02,72,223
2015-04-03,45,174
2015-04-06,46,76
2015-04-07,36,78
2015-04-08,66,189
2015-04-09,79,89
2015-04-10,36,111
2015-04-13,40,83
2015-04-14,42,102
2015-04-15,51,136
2015-04-16,49,118
2015-04-17,48,132
2015-04-20,65,80
2015-04-21,41,81
2015-04-22,55,119
2015-04-23,40,121
2015-04-24,35,117
2015-04-27,31,108
2015-04-28,48,155
2015-04-29,54,178
2015-04-30,62,126
2015-05-01,83,147
2015-05-04,69,202
2015-05-05,66,275
2015-05-06,94,216
2015-05-07,75,189
2015-05-08,72,185
2015-05-11,88,225
2015-05-12,103,247
2015-05-13,103,230
2015-05-14,110,204
2015-05-15,100,260
2015-05-18,80,269
2015-05-19,73,307
2015-05-20,86,255
2015-05-21,122,231
2015-05-22,89,253
2015-05-26,95,193
2015-05-27,155,180
2015-05-28,86,215
2015-05-29,106,183
2015-06-01,111,170
2015-06-02,94,229
2015-06-03,77,307
2015-06-04,86,201
2015-06-05,62,202
2015-06-08,78,142
2015-06-09,80,165
2015-06-10,83,174
2015-06-11,70,205
2015-06-12,74,181
2015-06-15,65,160
2015-06-16,72,182
2015-06-17,62,235
2015-06-18,67,153
2015-06-19,59,140
2015-06-22,68,123
2015-06-23,59,107
2015-06-24,56,139
2015-06-25,51,93
2015-06-26,37,82
2015-06-29,68,86
2015-06-30,82,72
2015-07-01,73,113
2015-07-02,92,188
2015-07-06,54,168
2015-07-07,55,71
2015-07-08,69,98
2015-07-09,53,68
2015-07-10,35,71
2015-07-13,36,79
2015-07-14,34,87
2015-07-15,34,112
2015-07-16,44,114
2015-07-17,68,132
2015-07-20,52,64
2015-07-21,40,76
2015-07-22,44,85
2015-07-23,50,74
2015-07-24,81,88
2015-07-27,64,100
2015-07-28,61,86
2015-07-29,145,112
2015-07-30,60,96
2015-07-31,51,114
2015-08-03,105,146
2015-08-04,79,249
2015-08-05,146,304
2015-08-06,107,191
2015-08-07,135,205
2015-08-10,136,153
2015-08-11,153,228
2015-08-12,152,223
2015-08-13,153,155
2015-08-14,130,171
2015-08-17,148,160
2015-08-18,133,261
2015-08-19,128,278
2015-08-20,177,201
2015-08-21,141,86
2015-08-24,239,108
2015-08-25,215,87
2015-08-26,214,117
2015-08-27,162,87
2015-08-28,134,102
2015-08-31,154,81
2015-09-01,107,136
2015-09-02,85,149
2015-09-03,111,217
2015-09-04,94,116
2015-09-08,98,97
2015-09-09,87,94
2015-09-10,79,182
2015-09-11,85,157
2015-09-14,86,113
2015-09-15,76,116
2015-09-16,84,150
2015-09-17,61,178
2015-09-18,71,115
2015-09-21,65,92
2015-09-22,79,92
2015-09-23,58,111
2015-09-24,59,108
2015-09-25,53,69
2015-09-28,80,62
2015-09-29,89,60
2015-09-30,77,79
2015-10-01,88,76
2015-10-02,66,137
2015-10-05,133,137
2015-10-06,58,66
2015-10-07,60,116
2015-10-08,47,82
2015-10-09,43,113
2015-10-13,88,127
2015-10-14,29,76
2015-10-15,51,62
2015-10-16,47,91
2015-10-19,48,131
2015-10-20,52,54
2015-10-21,42,77
2015-10-22,41,57
2015-10-23,66,100
2015-10-26,71,110
2015-10-27,31,149
2015-10-28,45,113
2015-10-29,102,126
2015-10-30,34,150
2015-11-02,67,132
2015-11-03,62,241
2015-11-04,69,318
2015-11-05,84,199
2015-11-06,84,189
2015-11-09,77,173
2015-11-10,98,198
2015-11-12,202,365
2015-11-13,136,159
2015-11-16,127,128
2015-11-17,96,186
2015-11-18,159,237
2015-11-19,113,218
2015-11-20,102,208
2015-11-23,118,183
2015-11-24,138,237
2015-11-25,93,229
2015-11-27,29,57
2015-11-30,89,177
2015-12-01,102,123
2015-12-02,81,262
2015-12-03,96,263
2015-12-04,123,157
2015-12-07,117,128
2015-12-08,160,137
2015-12-09,120,134
2015-12-10,108,128
2015-12-11,116,149
2015-12-14,119,133
2015-12-15,135,128
2015-12-16,151,180
2015-12-17,131,210
2015-12-18,122,134
2015-12-21,119,96
2015-12-22,152,105
2015-12-23,98,130
2015-12-24,29,67
2015-12-28,85,82
2015-12-29,42,55
2015-12-30,115,93
2015-12-31,41,46
2016-01-04,117,97
2016-01-05,55,163
2016-01-06,93,171
2016-01-07,96,94
2016-01-08,90,73
2016-01-11,78,36
2016-01-12,88,49
2016-01-13,67,60
2016-01-14,76,51
2016-01-15,110,69
2016-01-19,70,93
2016-01-20,119,77
2016-01-21,82,68
2016-01-22,77,59
2016-01-25,60,43
2016-01-26,49,40
2016-01-27,68,54
2016-01-28,98,63
2016-01-29,52,68
2016-02-01,100,68
2016-02-02,88,122
2016-02-03,97,149
2016-02-04,121,87
2016-02-05,98,112
2016-02-08,112,98
2016-02-09,94,90
2016-02-10,104,96
2016-02-11,103,94
2016-02-12,130,103
2016-02-16,127,122
2016-02-17,116,165
2016-02-18,108,264
2016-02-19,142,163
2016-02-22,83,126
2016-02-23,139,163
2016-02-24,90,182
2016-02-25,80,147
2016-02-26,93,168
2016-02-29,87,156
2016-03-01,96,209
2016-03-02,144,261
2016-03-03,115,290
2016-03-04,90,185
2016-03-07,93,196
2016-03-08,81,221
2016-03-09,93,216
2016-03-10,83,162
2016-03-11,65,195
2016-03-14,75,177
2016-03-15,82,165
2016-03-16,120,180
2016-03-17,86,150
2016-03-18,102,158
2016-03-21,77,125
2016-03-22,76,117
2016-03-23,77,118
2016-03-24,49,78
2016-03-25,23,33
2016-03-28,60,56
2016-03-29,42,50
2016-03-30,57,110
2016-03-31,65,104
2016-04-01,53,134
2016-04-04,72,131
2016-04-05,46,179
2016-04-06,46,114
2016-04-07,67,77
2016-04-08,47,66
2016-04-11,30,61
2016-04-12,27,52
2016-04-13,40,91
2016-04-14,47,110
2016-04-15,58,81
2016-04-18,52,88
2016-04-19,44,129
2016-04-20,40,90
2016-04-21,44,83
2016-04-22,36,95
2016-04-25,37,63
2016-04-26,48,113
2016-04-27,59,110
2016-04-28,32,124
2016-04-29,35,130
2016-05-02,51,110
2016-05-03,57,170
2016-05-04,79,235
2016-05-05,80,138
2016-05-06,64,145
2016-05-09,80,161
2016-05-10,89,148
2016-05-11,98,235
2016-05-12,81,187
2016-05-13,93,170
2016-05-16,131,154
2016-05-17,156,249
2016-05-18,105,236
2016-05-19,86,143
2016-05-20,105,128
2016-05-23,126,148
2016-05-24,68,163
2016-05-25,81,202
2016-05-26,84,250
2016-05-27,60,185
2016-05-31,65,178
2016-06-01,66,183
2016-06-02,78,267
2016-06-03,62,236
2016-06-06,100,190
2016-06-07,52,203
2016-06-08,71,220
2016-06-09,39,156
2016-06-10,64,179
2016-06-13,81,131
2016-06-14,96,148
2016-06-15,83,127
2016-06-16,61,116
2016-06-17,63,143
2016-06-20,88,88
2016-06-21,78,88
2016-06-22,48,99
2016-06-23,52,69
2016-06-24,30,86
2016-06-27,55,75
2016-06-28,57,43
2016-06-29,53,87
2016-06-30,67,79
2016-07-01,61,96
2016-07-05,127,173
2016-07-06,66,160
2016-07-07,53,117
2016-07-08,32,69
2016-07-11,21,62
2016-07-12,23,103
2016-07-13,21,108
2016-07-14,21,84
2016-07-15,46,96
2016-07-18,36,66
2016-07-19,72,105
2016-07-20,41,59
2016-07-21,24,74
2016-07-22,55,92
2016-07-25,31,70
2016-07-26,29,97
2016-07-27,56,131
2016-07-28,25,126
2016-07-29,58,131
2016-08-01,34,166
2016-08-02,70,237
2016-08-03,60,255
2016-08-04,87,149
2016-08-05,59,169
2016-08-08,66,226
2016-08-09,57,257
2016-08-10,71,224
2016-08-11,58,240
2016-08-12,69,240
2016-08-15,77,194
2016-08-16,98,261
2016-08-17,78,339
2016-08-18,86,189
2016-08-19,84,190
2016-08-22,87,170
2016-08-23,55,186
2016-08-24,58,218
2016-08-25,57,174
2016-08-26,44,173
2016-08-29,60,159
2016-08-30,57,176
2016-08-31,58,155
2016-09-01,50,196
2016-09-02,52,217
2016-09-06,68,245
2016-09-07,74,173
2016-09-08,61,208
2016-09-09,74,162
2016-09-12,51,106
2016-09-13,68,132
2016-09-14,63,135
2016-09-15,60,101
2016-09-16,73,154
2016-09-19,78,140
2016-09-20,46,103
2016-09-21,92,111
2016-09-22,78,88
2016-09-23,44,127
2016-09-26,52,108
2016-09-27,51,84
2016-09-28,66,76
2016-09-29,59,67
2016-09-30,78,94
2016-10-03,58,98
2016-10-04,76,190
2016-10-05,83,178
2016-10-06,51,87
2016-10-07,51,94
2016-10-11,47,116
2016-10-12,31,74
2016-10-13,55,62
2016-10-14,41,55
2016-10-17,61,44
2016-10-18,29,78
2016-10-19,43,77
2016-10-20,39,56
2016-10-21,55,69
2016-10-24,35,62
2016-10-25,34,70
2016-10-26,33,86
2016-10-27,29,90
2016-10-28,38,94
2016-10-31,69,100
2016-11-01,58,116
2016-11-02,76,165
2016-11-03,102,197
2016-11-04,90,126
2016-11-07,88,120
2016-11-08,97,175
2016-11-09,106,224
2016-11-10,81,253
2016-11-14,217,536
2016-11-15,106,326
2016-11-16,93,345
2016-11-17,68,316
2016-11-18,70,273
2016-11-21,107,211
2016-11-22,111,294
2016-11-23,56,321
2016-11-25,28,66
2016-11-28,115,232
2016-11-29,63,137
2016-11-30,75,205
2016-12-01,58,203
2016-12-02,82,246
2016-12-05,83,253
2016-12-06,83,173
2016-12-07,48,223
2016-12-08,47,226
2016-12-09,46,269
2016-12-12,64,226
2016-12-13,49,206
2016-12-14,63,238
2016-12-15,105,207
2016-12-16,70,218
2016-12-19,106,177
2016-12-20,62,139
2016-12-21,69,131
2016-12-22,46,149
2016-12-23,21,86
2016-12-27,45,63
2016-12-28,39,92
2016-12-29,41,88
2016-12-30,38,49
2017-01-03,61,100
2017-01-04,71,212
2017-01-05,88,259
2017-01-06,53,154
2017-01-09,33,83
2017-01-10,87,81
2017-01-11,20,101
2017-01-12,14,102
2017-01-13,19,91
2017-01-17,45,73
2017-01-18,48,124
2017-01-19,35,170
2017-01-20,49,86
2017-01-23,32,67
2017-01-24,20,78
2017-01-25,26,85
2017-01-26,41,131
2017-01-27,25,140
2017-01-30,38,104
2017-01-31,42,134
2017-02-01,42,155
2017-02-02,56,184
2017-02-03,82,280
2017-02-06,54,155
2017-02-07,42,150
2017-02-08,38,249
2017-02-09,56,172
2017-02-10,47,196
2017-02-13,47,210
2017-02-14,56,245
2017-02-15,50,299
2017-02-16,49,269
2017-02-17,64,337
2017-02-21,48,261
2017-02-22,61,257
2017-02-23,33,337
2017-02-24,88,257
2017-02-27,53,195
2017-02-28,23,109
2017-03-01,49,338
2017-03-02,87,374
2017-03-03,53,430
2017-03-06,104,223
2017-03-07,75,246
2017-03-08,55,268
2017-03-09,77,216
2017-03-10,71,207
2017-03-13,70,219
2017-03-14,76,229
2017-03-15,93,224
2017-03-16,121,227
2017-03-17,61,260
2017-03-20,69,160
2017-03-21,82,150
2017-03-22,47,179
2017-03-23,59,102
2017-03-24,46,96
2017-03-27,63,75
2017-03-28,96,93
2017-03-29,59,83
2017-03-30,36,99
2017-03-31,36,113
2017-04-03,42,108
2017-04-04,59,217
2017-04-05,36,208
2017-04-06,63,80
2017-04-07,41,104
2017-04-10,40,58
2017-04-11,66,85
2017-04-12,46,84
2017-04-13,25,95
2017-04-14,38,49
2017-04-17,29,51
2017-04-18,21,64
2017-04-19,70,123
2017-04-20,57,87
2017-04-21,43,97
2017-04-24,48,79
2017-04-25,30,90
2017-04-26,37,143
2017-04-27,24,119
2017-04-28,47,143
2017-05-01,62,153
2017-05-02,76,262
2017-05-03,56,314
2017-05-04,70,182
2017-05-05,53,193
2017-05-08,75,179
2017-05-09,56,215
2017-05-10,69,237
2017-05-11,77,214
2017-05-12,89,221
2017-05-15,143,178
2017-05-16,125,227
2017-05-17,91,301
2017-05-18,99,241
2017-05-19,118,171
2017-05-22,103,135
2017-05-23,82,192
2017-05-24,81,189
2017-05-25,72,183
2017-05-26,70,174
2017-05-30,90,178
2017-05-31,81,162
2017-06-01,86,221
2017-06-02,98,250
2017-06-05,70,309
2017-06-06,85,166
2017-06-07,65,201
2017-06-08,60,174
2017-06-09,71,185
2017-06-12,82,185
2017-06-13,60,197
2017-06-14,73,192
2017-06-15,54,158
2017-06-16,69,156
2017-06-19,59,146
2017-06-20,44,98
2017-06-21,76,126
2017-06-22,44,99
2017-06-23,36,106
2017-06-26,50,70
2017-06-27,33,107
2017-06-28,44,97
2017-06-29,47,94
2017-06-30,41,81
2017-07-03,24,49
2017-07-05,50,199
2017-07-06,69,195
2017-07-07,57,97
2017-07-10,37,67
2017-07-11,50,77
2017-07-12,15,85
2017-07-13,15,78
2017-07-14,28,80
2017-07-17,36,63
2017-07-18,24,91
2017-07-19,32,117
2017-07-20,40,60
2017-07-21,33,86
2017-07-24,38,74
2017-07-25,51,68
2017-07-26,54,115
2017-07-27,42,109
2017-07-28,37,97
2017-07-31,35,111
2017-08-01,49,150
2017-08-02,61,231
2017-08-03,62,241
2017-08-04,62,151
2017-08-07,47,152
2017-08-08,48,191
2017-08-09,81,240
2017-08-10,67,188
2017-08-11,141,147
2017-08-14,135,167
2017-08-15,116,160
2017-08-16,123,208
2017-08-17,94,263
2017-08-18,117,144
2017-08-21,109,105
2017-08-22,109,122
2017-08-23,89,158
2017-08-24,91,127
2017-08-25,81,130
2017-08-28,66,116
2017-08-29,77,137
2017-08-30,64,133
2017-08-31,49,125
2017-09-01,60,170
2017-09-05,98,227
2017-09-06,60,234
2017-09-07,76,185
2017-09-08,53,138
2017-09-11,79,115
2017-09-12,63,144
2017-09-13,38,215
2017-09-14,70,164
2017-09-15,59,130
2017-09-18,64,127
2017-09-19,44,160
2017-09-20,46,136
2017-09-21,41,114
2017-09-22,38,127
2017-09-25,43,67
2017-09-26,41,98
2017-09-27,29,109
2017-09-28,23,111
2017-09-29,10,124
2017-10-02,51,137
2017-10-03,54,212
2017-10-04,34,230
2017-10-05,72,95
2017-10-06,70,97
2017-10-10,88,141
2017-10-11,26,90
2017-10-12,10,81
2017-10-13,39,89
2017-10-16,40,84
2017-10-17,21,116
2017-10-18,65,117
2017-10-19,26,66
2017-10-20,30,72
2017-10-23,23,72
2017-10-24,22,93
2017-10-25,44,100
2017-10-26,34,77
2017-10-27,33,104
2017-10-30,38,144
2017-10-31,70,155
2017-11-01,42,163
2017-11-02,49,216
2017-11-03,65,305
2017-11-06,52,176
2017-11-07,53,193
2017-11-08,69,226
2017-11-09,107,192
2017-11-13,183,310
2017-11-14,109,219
2017-11-15,97,224
2017-11-16,95,242
2017-11-17,75,271
2017-11-20,93,253
2017-11-21,96,254
2017-11-22,54,261
2017-11-24,30,95
2017-11-27,58,176
2017-11-28,58,128
2017-11-29,54,201
2017-11-30,57,232
2017-12-01,78,242
2017-12-04,82,264
2017-12-05,90,322
2017-12-06,56,209
2017-12-07,69,161
2017-12-08,78,164
2017-12-11,92,156
2017-12-12,80,144
2017-12-13,77,206
2017-12-14,71,191
2017-12-15,77,199
2017-12-18,79,195
2017-12-19,83,206
2017-12-20,71,146
2017-12-21,57,146
2017-12-22,52,125
2017-12-26,40,70
2017-12-27,43,96
2017-12-28,55,102
2017-12-29,48,86
2018-01-02,67,116
2018-01-03,57,205
2018-01-04,78,234
2018-01-05,39,144
2018-01-08,30,84
2018-01-09,26,109
2018-01-10,27,116
2018-01-11,27,84
2018-01-12,41,113
2018-01-16,34,132
2018-01-17,50,139
2018-01-18,43,230
2018-01-19,39,106
2018-01-22,36,65
2018-01-23,28,77
2018-01-24,40,136
2018-01-25,23,106
2018-01-26,45,85
2018-01-29,36,95
2018-01-30,30,122
2018-01-31,34,130
2018-02-01,44,143
2018-02-02,43,182
2018-02-05,86,210
2018-02-06,65,126
2018-02-07,55,154
2018-02-08,57,108
2018-02-09,69,86
2018-02-12,99,112
2018-02-13,78,122
2018-02-14,42,125
2018-02-15,77,172
2018-02-16,53,251
2018-02-20,71,348
2018-02-21,75,204
2018-02-22,39,245
2018-02-23,59,206
2018-02-26,75,165
2018-02-27,61,250
2018-02-28,59,242
2018-03-01,73,245
2018-03-02,93,270
2018-03-05,110,295
2018-03-06,80,216
2018-03-07,65,287
2018-03-08,63,268
2018-03-09,69,228
2018-03-12,94,203
2018-03-13,94,286
2018-03-14,73,252
2018-03-15,72,220
2018-03-16,73,247
2018-03-19,98,209
2018-03-20,67,154
2018-03-21,54,130
2018-03-22,72,123
2018-03-23,62,107
2018-03-26,83,71
2018-03-27,62,95
2018-03-28,46,82
2018-03-29,66,97
2018-03-30,15,48
2018-04-02,62,63
2018-04-03,61,151
2018-04-04,57,207
2018-04-05,52,81
2018-04-06,29,69
2018-04-09,37,82
2018-04-10,43,65
2018-04-11,22,78
2018-04-12,14,99
2018-04-13,29,65
2018-04-16,49,73
2018-04-17,35,118
2018-04-18,37,155
2018-04-19,40,113
2018-04-20,22,82
2018-04-23,61,76
2018-04-24,29,100
2018-04-25,42,95
2018-04-26,32,77
2018-04-27,32,82
2018-04-30,52,110
2018-05-01,75,139
2018-05-02,65,165
2018-05-03,87,247
2018-05-04,59,120
2018-05-07,57,139
2018-05-08,85,198
2018-05-09,90,205
2018-05-10,87,225
2018-05-11,50,241
2018-05-14,81,194
2018-05-15,98,200
2018-05-16,92,291
2018-05-17,91,290
2018-05-18,114,211
2018-05-21,91,198
2018-05-22,62,217
2018-05-23,62,220
2018-05-24,80,171
2018-05-25,55,149
2018-05-29,65,158
2018-05-30,113,169
2018-05-31,78,228
2018-06-01,60,241
2018-06-04,79,234
2018-06-05,61,282
2018-06-06,62,209
2018-06-07,60,198
2018-06-08,55,208
2018-06-11,80,192
2018-06-12,53,180
2018-06-13,53,228
2018-06-14,69,187
2018-06-15,44,184
2018-06-18,70,183
2018-06-19,60,215
2018-06-20,47,156
2018-06-21,49,113
2018-06-22,45,120
2018-06-25,50,96
2018-06-26,55,83
2018-06-27,47,103
2018-06-28,54,87
2018-06-29,44,90
2018-07-02,94,77
2018-07-03,91,214
2018-07-05,35,172
2018-07-06,46,90
2018-07-09,31,93
2018-07-10,48,92
2018-07-11,22,128
2018-07-12,36,86
2018-07-13,16,44
2018-07-16,22,66
2018-07-17,59,94
2018-07-18,51,141
2018-07-19,26,85
2018-07-20,41,71
2018-07-23,47,69
2018-07-24,24,96
2018-07-25,45,103
2018-07-26,34,67
2018-07-27,40,107
2018-07-30,53,136
2018-07-31,64,123
2018-08-01,61,130
2018-08-02,79,173
2018-08-03,77,244
2018-08-06,76,176
2018-08-07,66,180
2018-08-08,65,218
2018-08-09,52,190
2018-08-10,69,206
2018-08-13,86,180
2018-08-14,83,172
2018-08-15,95,200
2018-08-16,76,208
2018-08-17,77,295
2018-08-20,64,174
2018-08-21,50,169
2018-08-22,71,212
2018-08-23,53,194
2018-08-24,51,166
2018-08-27,67,166
2018-08-28,48,171
2018-08-29,55,189
2018-08-30,39,130
2018-08-31,82,163
2018-09-04,73,178
2018-09-05,43,238
2018-09-06,132,260
2018-09-07,126,189
2018-09-10,128,146
2018-09-11,40,164
2018-09-12,134,187
2018-09-13,50,172
2018-09-14,117,166
2018-09-17,101,141
2018-09-18,66,161
2018-09-19,81,143
2018-09-20,69,132
2018-09-21,47,124
2018-09-24,37,97
2018-09-25,40,76
2018-09-26,104,121
2018-09-27,40,72
2018-09-28,96,72
2018-10-01,66,82
2018-10-02,136,169
2018-10-03,62,192
2018-10-04,101,69
2018-10-05,89,96
2018-10-09,160,120
2018-10-10,34,65
2018-10-11,112,59
2018-10-12,46,57
2018-10-15,117,56
2018-10-16,39,70
2018-10-17,112,113
2018-10-18,42,60
2018-10-19,105,70
2018-10-22,41,42
2018-10-23,125,46
2018-10-24,71,53
2018-10-25,134,44
2018-10-26,63,45
2018-10-29,132,35
2018-10-30,81,73
2018-10-31,144,73
2018-11-01,68,84
2018-11-02,180,160
2018-11-05,100,170
2018-11-06,159,139
2018-11-07,94,149
2018-11-08,79,157
2018-11-09,71,198
2018-11-13,250,253
2018-11-14,191,150
2018-11-15,111,133
2018-11-16,168,181
2018-11-19,158,212
2018-11-20,190,212
2018-11-21,215,184
2018-11-23,40,34
2018-11-26,103,96
2018-11-27,123,115
2018-11-28,101,130
2018-11-29,147,130
2018-11-30,110,192
2018-12-03,175,140
2018-12-04,95,225
2018-12-06,144,301
2018-12-07,152,103
2018-12-10,154,107
2018-12-11,204,104
2018-12-12,127,158
2018-12-13,213,111
2018-12-14,126,145
2018-12-17,226,110
2018-12-18,127,126
2018-12-19,171,131
2018-12-20,131,76
2018-12-21,220,114
2018-12-26,229,76
2018-12-27,184,46
2018-12-28,90,78
2018-12-31,136,50
2019-01-02,177,66
2019-01-03,87,140
2019-01-04,154,187
2019-01-07,72,67
2019-01-08,103,81
2019-01-09,38,101
2019-01-10,36,92
2019-01-11,41,94
2019-01-14,37,65
2019-01-15,32,54
2019-01-16,93,107
2019-01-17,110,123
2019-01-18,24,84
2019-01-22,46,67
2019-01-23,19,80
2019-01-24,35,83
2019-01-25,34,70
2019-01-28,29,69
2019-01-29,45,71
2019-01-30,35,95
2019-01-31,44,74
2019-02-01,53,110
2019-02-04,60,150
2019-02-05,53,220
2019-02-06,60,177
2019-02-07,20,161
2019-02-08,51,132
2019-02-11,48,98
2019-02-12,45,162
2019-02-13,33,208
2019-02-14,33,157
2019-02-15,42,199
2019-02-19,69,275
2019-02-20,50,315
2019-02-21,66,311
2019-02-22,41,235
2019-02-25,63,223
2019-02-26,7,37
2019-02-27,29,241
2019-02-28,36,204
2019-03-01,43,231
2019-03-04,61,278
2019-03-05,135,347
2019-03-06,122,239
2019-03-07,53,204
2019-03-08,71,178
2019-03-11,137,150
2019-03-12,78,182
2019-03-13,145,227
2019-03-14,65,202
2019-03-15,140,199
2019-03-18,96,182
2019-03-19,142,225
2019-03-20,40,159
2019-03-21,124,169
2019-03-22,129,154
2019-03-25,74,131
2019-03-26,51,95
2019-03-27,125,113
2019-03-28,114,85
2019-03-29,36,111
2019-04-01,137,96
2019-04-02,35,145
2019-04-03,101,249
2019-04-04,54,88
2019-04-05,85,95
2019-04-08,57,99
2019-04-09,28,81
2019-04-10,34,90
2019-04-11,90,68
2019-04-12,39,118
2019-04-15,58,67
2019-04-16,36,106
2019-04-17,39,153
2019-04-18,27,102
2019-04-19,13,48
2019-04-22,26,51
2019-04-23,27,41
2019-04-24,39,127
2019-04-25,34,107
2019-04-26,90,79
2019-04-29,33,95
2019-04-30,44,118
2019-05-01,36,166
2019-05-02,69,194
2019-05-03,59,257
2019-05-06,45,174
2019-05-07,54,196
2019-05-08,46,148
2019-05-09,97,170
2019-05-10,73,159
2019-05-13,144,141
2019-05-14,119,166
2019-05-15,129,187
2019-05-16,98,186
2019-05-17,81,311
2019-05-20,98,175
2019-05-21,95,141
2019-05-22,82,183
2019-05-23,104,141
2019-05-24,107,115
2019-05-28,120,125
2019-05-29,96,104
2019-05-30,113,130
2019-05-31,91,114
2019-06-03,126,116
2019-06-04,108,162
2019-06-05,101,244
2019-06-06,105,167
2019-06-07,74,141
2019-06-10,93,140
2019-06-11,103,173
2019-06-12,86,203
2019-06-13,63,152
2019-06-14,97,162
2019-06-17,167,131
2019-06-18,72,143
2019-06-19,142,179
2019-06-20,124,113
2019-06-21,48,147
2019-06-24,38,150
2019-06-25,123,73
2019-06-26,52,71
2019-06-27,136,68
2019-06-28,48,79
2019-07-01,101,97
2019-07-02,67,214
2019-07-03,139,223
2019-07-05,24,48
2019-07-08,113,80
2019-07-09,14,88
2019-07-10,112,85
2019-07-11,18,81
2019-07-12,101,115
2019-07-15,36,77
2019-07-16,41,92
2019-07-17,35,143
2019-07-18,36,74
2019-07-19,29,71
2019-07-22,19,65
2019-07-23,38,63
2019-07-24,41,82
2019-07-25,32,92
2019-07-26,27,94
2019-07-29,42,102
2019-07-30,32,141
2019-07-31,79,149
2019-08-01,48,147
2019-08-02,68,185
2019-08-05,100,228
2019-08-06,69,146
2019-08-07,87,151
2019-08-08,110,130
2019-08-09,91,165
2019-08-12,143,186
2019-08-13,118,126
2019-08-14,123,162
2019-08-15,151,146
2019-08-16,124,191
2019-08-19,130,179
2019-08-20,101,185
2019-08-21,99,171
2019-08-22,83,129
2019-08-23,86,146
2019-08-26,98,119
2019-08-27,92,82
2019-08-28,87,116
2019-08-29,87,91
2019-08-30,54,130
2019-09-03,105,125
2019-09-04,76,185
2019-09-05,86,237
2019-09-06,83,172
2019-09-09,63,140
2019-09-10,49,133
2019-09-11,70,184
2019-09-12,66,150
2019-09-13,40,214
2019-09-16,78,148
2019-09-17,73,186
2019-09-18,65,201
2019-09-19,49,71
2019-09-20,43,131
2019-09-23,52,105
2019-09-24,36,91
2019-09-25,29,93
2019-09-26,28,52
2019-09-27,25,60
2019-09-30,60,55
2019-10-01,54,75
2019-10-02,34,134
2019-10-03,62,175
2019-10-04,42,57
2019-10-07,42,52
2019-10-08,30,60
2019-10-09,24,66
2019-10-10,29,50
2019-10-11,23,49
2019-10-15,44,106
2019-10-16,44,83
2019-10-17,51,131
2019-10-18,50,65
2019-10-21,30,66
2019-10-22,19,70
2019-10-23,20,83
2019-10-24,20,56
2019-10-25,36,78
2019-10-28,39,82
2019-10-29,48,95
2019-10-30,52,167
2019-10-31,31,108
2019-11-01,67,148
2019-11-04,55,208
2019-11-05,61,306
2019-11-06,53,256
2019-11-07,62,179
2019-11-08,53,190
2019-11-12,116,304
2019-11-13,110,231
2019-11-14,80,167
2019-11-15,77,183
2019-11-18,100,168
2019-11-19,101,298
2019-11-20,79,213
2019-11-21,70,174
2019-11-22,104,191
2019-11-25,72,131
2019-11-26,90,210
2019-11-27,73,217
2019-11-29,20,82
2019-12-02,66,140
2019-12-03,68,194
2019-12-04,79,236
2019-12-05,69,177
2019-12-06,52,143
2019-12-09,70,167
2019-12-10,58,175
2019-12-11,51,190
2019-12-12,56,189
2019-12-13,61,192
2019-12-16,84,191
2019-12-17,73,179
2019-12-18,66,253
2019-12-19,47,139
2019-12-20,72,146
2019-12-23,46,170
2019-12-24,0,2
2019-12-26,62,169
2019-12-27,28,59
2019-12-30,46,86
2019-12-31,33,59
2020-01-02,68,85
2020-01-03,61,206
2020-01-06,60,237
2020-01-07,45,147
2020-01-08,25,126
2020-01-09,18,99
2020-01-10,25,141
2020-01-13,25,69
2020-01-14,25,90
2020-01-15,37,111
2020-01-16,43,126
2020-01-17,44,191
2020-01-21,47,122
2020-01-22,26,85
2020-01-23,24,121
2020-01-24,24,86
2020-01-27,25,81
2020-01-28,41,89
2020-01-29,35,73
2020-01-30,33,87
2020-01-31,39,77
2020-02-03,61,76
2020-02-04,58,208
2020-02-05,84,271
2020-02-06,70,180
2020-02-07,49,226
2020-02-10,52,150
2020-02-11,57,169
2020-02-12,62,237
2020-02-13,44,185
2020-02-14,49,221
2020-02-18,47,207
2020-02-19,46,252
2020-02-20,64,298
2020-02-21,40,256
2020-02-24,68,215
2020-02-25,73,192
2020-02-26,106,178
2020-02-27,117,121
2020-02-28,135,146
2020-03-02,207,135
2020-03-03,196,259
2020-03-04,155,278
2020-03-05,160,189
2020-03-06,131,185
2020-03-09,240,128
2020-03-10,311,111
2020-03-11,338,138
2020-03-12,389,113
2020-03-13,434,90
2020-03-16,465,71
2020-03-17,328,135
2020-03-18,295,121
2020-03-19,266,98
2020-03-20,234,91
2020-03-23,222,69
2020-03-24,128,113
2020-03-25,137,69
2020-03-26,81,71
2020-03-27,83,56
2020-03-30,70,48
2020-03-31,92,51
2020-04-01,78,66
2020-04-02,92,82
2020-04-03,44,151
2020-04-06,54,52
2020-04-07,58,60
2020-04-08,27,80
2020-04-09,38,69
2020-04-10,18,64
2020-04-13,33,60
2020-04-14,21,30
2020-04-15,43,102
2020-04-16,35,83
2020-04-17,63,110
2020-04-20,31,80
2020-04-21,25,86
2020-04-22,37,78
2020-04-23,47,40
2020-04-24,30,52
2020-04-27,48,71
2020-04-28,45,82
2020-04-29,45,132
2020-04-30,37,89
2020-05-01,57,104
2020-05-04,86,113
2020-05-05,88,181
2020-05-06,97,112
2020-05-07,85,160
2020-05-08,85,154
2020-05-11,91,194
2020-05-12,97,202
2020-05-13,162,210
2020-05-14,195,172
2020-05-15,193,134
2020-05-18,142,128
2020-05-19,103,244
2020-05-20,83,287
2020-05-21,80,143
2020-05-22,70,217
2020-05-26,79,179
2020-05-27,74,150
2020-05-28,66,250
2020-05-29,58,172
2020-06-01,60,177
2020-06-02,67,194
2020-06-03,59,279
2020-06-04,69,221
2020-06-05,50,234
2020-06-08,59,203
2020-06-09,62,256
2020-06-10,57,199
2020-06-11,66,158
2020-06-12,83,143
2020-06-15,95,94
2020-06-16,80,138
2020-06-17,76,234
2020-06-18,42,142
2020-06-19,30,99
2020-06-22,50,106
2020-06-23,48,140
2020-06-24,49,141
2020-06-25,35,108
2020-06-26,29,77
2020-06-29,40,47
2020-06-30,39,102
2020-07-01,56,109
2020-07-02,58,245
2020-07-06,53,179
2020-07-07,46,100
2020-07-08,23,158
2020-07-09,38,94
2020-07-10,38,95
2020-07-13,27,82
2020-07-14,34,114
2020-07-15,32,96
2020-07-16,37,81
2020-07-17,44,184
2020-07-20,28,81
2020-07-21,42,102
2020-07-22,30,132
2020-07-23,25,90
2020-07-24,29,67
2020-07-27,39,61
2020-07-28,56,92
2020-07-29,45,88
2020-07-30,45,90
2020-07-31,54,119
2020-08-03,63,111
2020-08-04,76,200
2020-08-05,106,362
2020-08-06,70,169
2020-08-07,56,196
2020-08-10,71,205
2020-08-11,83,230
2020-08-12,97,268
2020-08-13,83,232
2020-08-14,56,221
2020-08-17,95,175
2020-08-18,93,214
2020-08-19,108,287
2020-08-20,72,192
2020-08-21,75,168
2020-08-24,78,169
2020-08-25,66,133
2020-08-26,80,176
2020-08-27,62,116
2020-08-28,48,155
2020-08-31,61,132
2020-09-01,90,121
2020-09-02,74,233
2020-09-03,100,301
2020-09-04,73,151
2020-09-08,97,99
2020-09-09,77,119
2020-09-10,67,165
2020-09-11,68,153
2020-09-14,87,127
2020-09-15,70,129
2020-09-16,47,178
2020-09-17,79,227
2020-09-18,42,127
2020-09-21,65,115
2020-09-22,63,123
2020-09-23,69,123
2020-09-24,42,85
2020-09-25,44,90
2020-09-28,48,48
2020-09-29,70,93
2020-09-30,51,112
2020-10-01,54,94
2020-10-02,66,205
2020-10-05,59,214
2020-10-06,38,99
2020-10-07,39,126
2020-10-08,38,91
2020-10-09,17,121
2020-10-13,31,192
2020-10-14,34,130
2020-10-15,28,91
2020-10-16,73,137
2020-10-19,48,122
2020-10-20,24,112
2020-10-21,25,101
2020-10-22,42,70
2020-10-23,22,85
2020-10-26,25,64
2020-10-27,26,92
2020-10-28,49,94
2020-10-29,59,63
2020-10-30,41,67
2020-11-02,65,74
2020-11-03,91,214
2020-11-04,77,300
2020-11-05,51,214
2020-11-06,46,236
2020-11-09,77,206
2020-11-10,61,369
2020-11-12,107,585
2020-11-13,47,232
2020-11-16,70,185
2020-11-17,72,265
2020-11-18,81,388
2020-11-19,71,249
2020-11-20,63,273
2020-11-23,65,175
2020-11-24,56,268
2020-11-25,71,366
2020-11-27,37,121
2020-11-30,62,172
2020-12-01,46,185
2020-12-02,79,266
2020-12-03,89,312
2020-12-04,66,203
2020-12-07,57,203
2020-12-08,61,224
2020-12-09,56,235
2020-12-10,58,212
2020-12-11,40,212
2020-12-14,68,228
2020-12-15,52,206
2020-12-16,52,318
2020-12-17,90,293
2020-12-18,58,232
2020-12-21,38,174
2020-12-22,64,209
2020-12-23,59,216
2020-12-28,53,194
2020-12-29,34,111
2020-12-30,61,151
2020-12-31,29,82
2021-01-04,52,104
2021-01-05,74,260
2021-01-06,47,317
2021-01-07,44,168
2021-01-08,33,173
2021-01-11,33,111
2021-01-12,30,139
2021-01-13,42,159
2021-01-14,22,122
2021-01-15,32,155
2021-01-19,55,167
2021-01-20,43,195
2021-01-21,22,185
2021-01-22,29,155
2021-01-25,30,96
2021-01-26,82,117
2021-01-27,33,168
2021-01-28,39,87
2021-01-29,33,145
2021-02-01,32,78
2021-02-02,82,175
2021-02-03,59,333
2021-02-04,43,196
2021-02-05,49,188
2021-02-08,31,182
2021-02-09,65,264
2021-02-10,31,266
2021-02-11,47,235
2021-02-12,39,237
2021-02-16,43,211
2021-02-17,61,351
2021-02-18,53,428
2021-02-19,67,259
2021-02-22,41,216
2021-02-23,43,298
2021-02-24,36,331
2021-02-25,38,267
2021-02-26,60,292
2021-03-01,64,243
2021-03-02,76,412
2021-03-03,88,606
2021-03-04,71,300
2021-03-05,52,309
2021-03-08,81,249
2021-03-09,50,348
2021-03-10,46,327
2021-03-11,41,315
2021-03-12,45,374
2021-03-15,55,250
2021-03-16,67,362
2021-03-17,98,441
2021-03-18,78,232
2021-03-19,46,179
2021-03-22,52,131
2021-03-23,53,163
2021-03-24,40,184
2021-03-25,46,94
2021-03-26,42,113
2021-03-29,36,91
2021-03-30,41,112
2021-03-31,32,137
2021-04-01,81,114
2021-04-02,45,176
2021-04-05,44,244
2021-04-06,46,131
2021-04-07,49,257
2021-04-08,22,131
2021-04-09,16,119
2021-04-12,16,102
2021-04-13,25,125
2021-04-14,44,143
2021-04-15,37,145
2021-04-16,44,176
2021-04-19,45,178
2021-04-20,36,82
2021-04-21,27,152
2021-04-22,20,90
2021-04-23,24,137
2021-04-26,35,115
2021-04-27,40,139
2021-04-28,32,152
2021-04-29,46,121
2021-04-30,29,136
2021-05-03,51,155
2021-05-04,60,299
2021-05-05,59,401
2021-05-06,80,190
2021-05-07,50,254
2021-05-10,54,231
2021-05-11,72,283
2021-05-12,78,327
2021-05-13,62,225
2021-05-14,65,205
2021-05-17,62,222
2021-05-18,67,306
2021-05-19,71,308
2021-05-20,60,247
2021-05-21,82,239
2021-05-24,77,223
2021-05-25,48,163
2021-05-26,62,236
2021-05-27,81,210
2021-05-28,69,230
2021-06-01,67,185
2021-06-02,54,314
2021-06-03,100,433
2021-06-04,56,225
2021-06-07,44,221
2021-06-08,54,259
2021-06-09,35,295
2021-06-10,50,253
2021-06-11,46,253
2021-06-14,44,188
2021-06-15,61,226
2021-06-16,49,329
2021-06-17,64,302
2021-06-21,83,297
2021-06-22,53,175
2021-06-23,42,175
2021-06-24,47,124
2021-06-25,34,164
2021-06-28,34,147
2021-06-29,38,160
2021-06-30,52,182
2021-07-01,62,162
2021-07-02,57,256
2021-07-06,52,273
2021-07-07,58,126
2021-07-08,39,174
2021-07-09,24,106
2021-07-12,31,99
2021-07-13,32,112
2021-07-14,21,124
2021-07-15,25,98
2021-07-16,61,159
2021-07-19,52,160
2021-07-20,34,103
2021-07-21,30,112
2021-07-22,41,108
2021-07-23,36,127
2021-07-26,62,68
2021-07-27,33,93
2021-07-28,54,114
2021-07-29,32,89
2021-07-30,42,118
2021-08-02,55,151
2021-08-03,86,295
2021-08-04,95,342
2021-08-05,69,170
2021-08-06,47,216
2021-08-09,77,170
2021-08-10,84,240
2021-08-11,83,227
2021-08-12,84,238
2021-08-13,83,183
2021-08-16,83,162
2021-08-17,106,256
2021-08-18,124,314
2021-08-19,112,186
2021-08-20,86,200
2021-08-23,126,170
2021-08-24,76,206
2021-08-25,70,213
2021-08-26,54,147
2021-08-27,60,196
2021-08-30,56,185
2021-08-31,48,185
2021-09-01,55,214
2021-09-02,73,268
2021-09-03,73,354
2021-09-07,57,193
2021-09-08,35,187
2021-09-09,55,207
2021-09-10,81,173
2021-09-13,71,149
2021-09-14,80,170
2021-09-15,73,196
2021-09-16,79,185
2021-09-17,78,293
2021-09-20,60,129
2021-09-21,54,168
2021-09-22,42,145
2021-09-23,47,86
2021-09-24,31,133
2021-09-27,31,104
2021-09-28,44,121
2021-09-29,36,145
2021-09-30,46,90
2021-10-01,63,124
2021-10-04,68,168
2021-10-05,62,247
2021-10-06,23,124
2021-10-07,20,90
2021-10-08,28,88
2021-10-12,27,171
2021-10-13,30,99
2021-10-14,45,79
2021-10-15,38,113
2021-10-18,43,144
2021-10-19,52,176
2021-10-20,27,137
2021-10-21,24,98
2021-10-22,15,111
2021-10-25,36,110
2021-10-26,37,108
2021-10-27,26,158
2021-10-28,26,102
2021-10-29,40,110
2021-11-01,75,99
2021-11-02,83,237
2021-11-03,60,364
2021-11-04,67,210
2021-11-05,60,243
2021-11-08,49,238
2021-11-09,72,257
2021-11-10,70,311
2021-11-12,99,420
2021-11-15,95,229
2021-11-16,120,250
2021-11-17,107,380
2021-11-18,92,259
2021-11-19,104,246
2021-11-22,126,194
2021-11-23,137,224
2021-11-24,111,274
2021-11-26,51,81
2021-11-29,115,146
2021-11-30,100,116
2021-12-01,110,161
2021-12-02,135,176
2021-12-03,115,316
2021-12-06,132,122
2021-12-07,94,187
2021-12-08,73,184
2021-12-09,62,228
2021-12-10,110,185
2021-12-13,92,154
2021-12-14,121,167
2021-12-15,105,159
2021-12-16,96,187
2021-12-17,99,279
2021-12-20,95,136
2021-12-21,97,156
2021-12-22,88,142
2021-12-23,54,161
2021-12-27,26,99
2021-12-28,31,99
2021-12-29,39,127
2021-12-30,35,101
2022-01-03,84,124
2022-01-04,79,187
2022-01-05,81,283
2022-01-06,29,158
2022-01-07,36,133
2022-01-10,36,65
2022-01-11,48,114
2022-01-12,33,94
2022-01-13,43,94
2022-01-14,45,89
2022-01-18,51,81
2022-01-19,52,84
2022-01-20,43,143
2022-01-21,61,83
2022-01-24,89,48
2022-01-25,71,54
2022-01-26,42,59
2022-01-27,30,36
2022-01-28,63,65
2022-01-31,60,45
2022-02-01,68,96
2022-02-02,67,146
2022-02-03,53,207
2022-02-04,48,136
2022-02-07,34,74
2022-02-08,58,102
2022-02-09,50,166
2022-02-10,60,127
2022-02-11,38,142
2022-02-14,49,112
2022-02-15,50,121
2022-02-16,77,173
2022-02-17,66,257
2022-02-18,58,175
2022-02-22,75,111
2022-02-23,52,153
2022-02-24,61,189
2022-02-25,77,135
2022-02-28,82,118
2022-03-01,70,177
2022-03-02,102,319
2022-03-03,102,346
2022-03-04,76,264
2022-03-07,85,187
2022-03-08,109,215
2022-03-09,91,210
2022-03-10,92,183
2022-03-11,69,191
2022-03-14,106,191
2022-03-15,103,150
2022-03-16,136,172
2022-03-17,77,263
2022-03-18,73,175
2022-03-21,50,139
2022-03-22,70,167
2022-03-23,49,132
2022-03-24,50,95
2022-03-25,49,86
2022-03-28,53,87
2022-03-29,48,107
2022-03-30,54,102
2022-03-31,46,123
2022-04-01,51,118
2022-04-04,68,119
2022-04-05,39,246
2022-04-06,43,122
2022-04-07,49,90
2022-04-08,43,100
2022-04-11,46,70
2022-04-12,35,72
2022-04-13,68,96
2022-04-14,42,94
2022-04-15,14,58
2022-04-18,55,54
2022-04-19,33,74
2022-04-20,70,145
2022-04-21,33,97
2022-04-22,26,97
2022-04-25,32,69
2022-04-26,42,56
2022-04-27,64,55
2022-04-28,42,43
2022-04-29,51,55
2022-05-02,65,61
2022-05-03,120,102
2022-05-04,86,181
2022-05-05,41,74
2022-05-06,77,116
2022-05-09,98,86
2022-05-10,91,107
2022-05-11,114,121
2022-05-12,135,128
2022-05-13,124,102
2022-05-16,180,91
2022-05-17,153,210
2022-05-18,160,220
2022-05-19,156,200
2022-05-20,136,129
2022-05-23,167,124
2022-05-24,105,145
2022-05-25,134,146
2022-05-26,100,116
2022-05-27,91,135
2022-05-31,94,169
2022-06-01,78,150
2022-06-02,102,199
2022-06-03,101,273
2022-06-06,78,176
2022-06-07,67,156
2022-06-08,78,158
2022-06-09,57,124
2022-06-10,77,150
2022-06-13,90,105
2022-06-14,130,115
2022-06-15,125,101
2022-06-16,125,113
2022-06-17,116,169
2022-06-21,115,107
2022-06-22,58,110
2022-06-23,55,80
2022-06-24,44,76
2022-06-27,48,55
2022-06-28,42,70
2022-06-29,40,79
2022-06-30,42,53
2022-07-01,79,58
2022-07-05,85,102
2022-07-06,36,136
2022-07-07,28,96
2022-07-08,29,82
2022-07-11,30,55
2022-07-12,16,73
2022-07-13,30,44
2022-07-14,35,36
2022-07-15,41,63
2022-07-18,37,45
2022-07-19,40,101
2022-07-20,42,78
2022-07-21,23,80
2022-07-22,21,62
2022-07-25,25,68
2022-07-26,38,61
2022-07-27,32,65
2022-07-28,38,56
2022-07-29,28,84
2022-08-01,56,108
2022-08-02,76,156
2022-08-03,62,222
2022-08-04,55,122
2022-08-05,53,152
2022-08-08,72,163
2022-08-09,5,10
2022-08-10,78,226
2022-08-11,58,197
2022-08-12,65,230
2022-08-15,83,148
2022-08-16,73,234
2022-08-17,91,349
2022-08-18,82,244
2022-08-19,69,209
2022-08-22,102,137
2022-08-23,62,117
2022-08-24,80,156
2022-08-25,65,104
2022-08-26,55,136
2022-08-29,84,126
2022-08-30,74,81
2022-08-31,64,82
2022-09-01,95,92
2022-09-02,82,144
2022-09-06,103,208
2022-09-07,79,126
2022-09-08,70,149
2022-09-09,79,149
2022-09-12,56,118
2022-09-13,60,136
2022-09-14,68,130
2022-09-15,66,132
2022-09-16,111,141
2022-09-19,74,162
2022-09-20,82,98
2022-09-21,57,78
2022-09-22,48,81
2022-09-23,70,88
2022-09-26,52,58
2022-09-27,69,53
2022-09-28,63,49
2022-09-29,42,37
2022-09-30,53,58
2022-10-03,73,67
2022-10-04,65,151
2022-10-05,40,146
2022-10-06,51,87
2022-10-07,36,77
2022-10-11,76,105
2022-10-12,51,61
2022-10-13,28,39
2022-10-14,42,64
2022-10-17,37,61
2022-10-18,54,94
2022-10-19,37,100
2022-10-20,23,72
2022-10-21,30,67
2022-10-24,25,67
2022-10-25,37,90
2022-10-26,35,81
2022-10-27,40,78
2022-10-28,30,97
2022-10-31,64,108
2022-11-01,43,168
2022-11-02,54,178
2022-11-03,73,216
2022-11-04,42,143
2022-11-07,84,125
2022-11-08,64,156
2022-11-09,69,185
2022-11-10,65,197
2022-11-14,121,348
2022-11-15,76,220
2022-11-16,101,230
2022-11-17,88,312
2022-11-18,98,228
2022-11-21,117,164
2022-11-22,102,203
2022-11-23,88,241
2022-11-25,41,78
2022-11-28,83,150
2022-11-29,59,100
2022-11-30,86,128
2022-12-01,89,149
2022-12-02,74,252
2022-12-05,85,275
2022-12-06,76,166
2022-12-07,89,129
2022-12-08,77,127
2022-12-09,63,144
2022-12-12,96,108
2022-12-13,101,163
2022-12-14,100,192
2022-12-15,108,193
2022-12-16,100,180
2022-12-19,94,173
2022-12-20,103,153
2022-12-21,65,107
2022-12-22,59,125
2022-12-23,41,106
2022-12-27,33,64
2022-12-28,49,58
2022-12-29,51,78
2022-12-30,35,66
2023-01-03,77,78
2023-01-04,55,182
2023-01-05,48,213
2023-01-06,33,155
2023-01-09,34,110
2023-01-10,27,98
2023-01-11,34,131
2023-01-12,29,100
2023-01-13,21,116
2023-01-17,32,100
2023-01-18,35,140
2023-01-19,52,182
2023-01-20,28,108
2023-01-23,27,75
2023-01-24,27,86
2023-01-25,17,101
2023-01-26,32,75
2023-01-27,29,90
2023-01-30,56,92
2023-01-31,54,119
2023-02-01,32,120
2023-02-02,77,176
2023-02-03,45,356
2023-02-06,47,207
2023-02-07,35,177
2023-02-08,34,188
2023-02-09,43,158
2023-02-10,31,139
2023-02-13,33,151
2023-02-14,60,160
2023-02-15,34,161
2023-02-16,30,222
2023-02-17,63,299
2023-02-21,57,237
2023-02-22,40,220
2023-02-23,43,253
2023-02-24,34,183
2023-02-27,43,172
2023-02-28,49,203
2023-03-01,48,302
2023-03-02,46,277
2023-03-03,55,434
2023-03-06,45,276
2023-03-07,53,276
2023-03-08,73,303
2023-03-09,50,185
2023-03-10,90,197
2023-03-13,157,166
2023-03-14,185,132
2023-03-15,171,164
2023-03-16,133,193
2023-03-17,126,278
2023-03-20,129,106
2023-03-21,74,125
2023-03-22,61,132
2023-03-23,52,98
2023-03-24,47,88
2023-03-27,68,61
2023-03-28,35,71
2023-03-29,57,95
2023-03-30,56,74
2023-03-31,46,92
2023-04-03,55,94
2023-04-04,45,168
2023-04-05,38,217
2023-04-06,43,104
2023-04-07,22,77
2023-04-10,35,50
2023-04-11,28,46
2023-04-12,27,98
2023-04-13,28,65
2023-04-14,29,95
2023-04-17,34,58
2023-04-18,35,87
2023-04-19,31,102
2023-04-20,19,72
2023-04-21,33,65
2023-04-24,42,77
2023-04-25,43,69
2023-04-26,54,52
2023-04-27,57,51
2023-04-28,46,61
2023-05-01,75,82
2023-05-02,119,152
2023-05-03,119,176
2023-05-04,145,100
2023-05-05,131,164
2023-05-08,142,99
2023-05-09,103,128
2023-05-10,102,165
2023-05-11,111,129
2023-05-12,111,165
2023-05-15,146,137
2023-05-16,158,178
2023-05-17,134,231
2023-05-18,132,210
2023-05-19,122,237
2023-05-22,125,145
2023-05-23,88,146
2023-05-24,106,179
2023-05-25,104,169
2023-05-26,90,122
2023-05-30,117,131
2023-05-31,84,130
2023-06-01,103,141
2023-06-02,112,189
2023-06-05,82,232
2023-06-06,80,193
2023-06-07,57,218
2023-06-08,71,185
2023-06-09,67,201
2023-06-12,75,154
2023-06-13,50,168
2023-06-14,66,209
2023-06-15,76,225
2023-06-16,59,207
2023-06-20,69,212
2023-06-21,37,148
2023-06-22,40,126
2023-06-23,49,126
2023-06-26,52,57
2023-06-27,49,66
2023-06-28,37,93
2023-06-29,30,74
2023-06-30,41,110
2023-07-03,28,73
2023-07-05,76,198
2023-07-06,44,199
2023-07-07,22,128
2023-07-10,30,70
2023-07-11,27,71
2023-07-12,11,97
2023-07-13,26,112
2023-07-14,29,109
2023-07-17,22,98
2023-07-18,24,93
2023-07-19,56,122
2023-07-20,28,96
2023-07-21,29,103
2023-07-24,24,77
2023-07-25,33,65
2023-07-26,28,66
2023-07-27,16,77
2023-07-28,25,78
2023-07-31,30,117
2023-08-01,45,150
2023-08-02,39,187
2023-08-03,48,224
2023-08-04,38,160
2023-08-07,50,176
2023-08-08,55,162
2023-08-09,54,193
2023-08-10,46,175
2023-08-11,47,174
2023-08-14,80,178
2023-08-15,79,179
2023-08-16,84,201
2023-08-17,107,245
2023-08-18,74,206
2023-08-21,99,158
2023-08-22,86,161
2023-08-23,79,179
2023-08-24,93,139
2023-08-25,62,179
2023-08-28,66,100
2023-08-29,68,115
2023-08-30,74,138
2023-08-31,75,141
2023-09-01,54,172
2023-09-05,66,196
2023-09-06,74,255
2023-09-07,79,209
2023-09-08,61,148
2023-09-11,63,108
2023-09-12,56,113
2023-09-13,91,174
2023-09-14,86,145
2023-09-15,77,137
2023-09-18,75,139
2023-09-19,89,201
2023-09-20,56,131
2023-09-21,55,78
2023-09-22,51,100
2023-09-25,65,66
2023-09-26,28,50
2023-09-27,54,53
2023-09-28,46,60
2023-09-29,44,85
2023-10-02,58,91
2023-10-03,59,131
2023-10-04,45,182
2023-10-05,35,97
2023-10-06,38,88
2023-10-10,48,97
2023-10-11,39,79
2023-10-12,45,65
2023-10-13,24,54
2023-10-16,45,56
2023-10-17,33,85
2023-10-18,45,102
2023-10-19,33,56
2023-10-20,22,40
2023-10-23,27,54
2023-10-24,22,44
2023-10-25,37,33
2023-10-26,54,46
2023-10-27,31,33
2023-10-30,46,58
2023-10-31,67,57
2023-11-01,46,64
2023-11-02,81,88
2023-11-03,67,195
2023-11-06,87,133
2023-11-07,63,103
2023-11-08,70,102
2023-11-09,107,144
2023-11-13,166,220
2023-11-14,67,78
2023-11-15,103,158
2023-11-16,92,242
2023-11-17,116,294
2023-11-20,99,182
2023-11-21,123,225
2023-11-22,94,238
2023-11-24,50,107
2023-11-27,57,150
2023-11-28,76,110
2023-11-29,57,165
2023-11-30,62,155
2023-12-01,72,227
2023-12-04,76,188
2023-12-05,71,333
2023-12-06,71,198
2023-12-07,67,162
2023-12-08,52,176
2023-12-11,75,150
2023-12-12,57,200
2023-12-13,89,185
2023-12-14,92,195
2023-12-15,84,289
2023-12-18,87,264
2023-12-19,66,268
2023-12-20,34,198
2023-12-21,36,190
2023-12-22,35,165
2023-12-26,46,100
2023-12-27,39,102
2023-12-28,30,102
2023-12-29,25,115
2024-01-02,64,85
2024-01-03,45,158
2024-01-04,61,292
2024-01-05,23,157
2024-01-08,50,110
2024-01-09,30,129
2024-01-10,32,118
2024-01-11,16,96
2024-01-12,45,100
2024-01-16,37,70
2024-01-17,26,152
2024-01-18,42,187
2024-01-19,52,94
2024-01-22,17,73
2024-01-23,19,120
2024-01-24,34,99
2024-01-25,42,77
2024-01-26,33,86
2024-01-29,30,72
2024-01-30,42,83
2024-01-31,56,124
2024-02-01,50,82
2024-02-02,43,207
2024-02-05,60,203
2024-02-06,41,151
2024-02-07,48,172
2024-02-08,43,146
2024-02-09,44,162
2024-02-12,49,173
2024-02-13,51,179
2024-02-14,57,188
2024-02-15,34,154
2024-02-16,32,238
2024-02-20,51,277
2024-02-21,60,264
2024-02-22,56,277
2024-02-23,42,265
2024-02-26,47,201
2024-02-27,68,265
2024-02-28,54,204
2024-02-29,45,252
2024-03-01,54,275
2024-03-04,66,293
2024-03-05,66,521
2024-03-06,65,337
2024-03-07,54,293
2024-03-08,52,273
2024-03-11,58,255
2024-03-12,67,244
2024-03-13,61,272
2024-03-14,66,211
2024-03-15,64,236
2024-03-18,123,208
2024-03-19,75,290
2024-03-20,54,192
2024-03-21,27,176
2024-03-22,36,165
2024-03-25,52,126
2024-03-26,33,122
2024-03-27,54,127
2024-03-28,27,110
2024-03-29,15,98
2024-04-01,65,97
2024-04-02,30,129
2024-04-03,46,310
2024-04-04,32,133
2024-04-05,32,112
2024-04-08,31,89
2024-04-09,22,81
2024-04-10,30,89
2024-04-11,24,72
2024-04-12,37,51
2024-04-15,28,73
2024-04-16,24,89
2024-04-17,35,110
2024-04-18,46,79
2024-04-19,21,77
2024-04-22,37,61
2024-04-23,28,80
2024-04-24,34,66
2024-04-25,29,68
2024-04-26,39,50
2024-04-29,37,65
2024-04-30,45,84
2024-05-01,59,117
2024-05-02,57,127
2024-05-03,58,223
2024-05-06,59,148
2024-05-07,74,167
2024-05-08,66,157
2024-05-09,49,151
2024-05-10,59,178
2024-05-13,53,188
2024-05-14,78,186
2024-05-15,64,199
2024-05-16,66,208
2024-05-17,74,313
2024-05-20,85,181
2024-05-21,56,227
2024-05-22,77,227
2024-05-23,89,202
2024-05-24,60,175
2024-05-28,61,128
2024-05-29,67,150
2024-05-30,74,141
2024-05-31,74,129
2024-06-03,61,141
2024-06-04,57,247
2024-06-05,53,250
2024-06-06,53,165
2024-06-07,65,187
2024-06-10,78,139
2024-06-11,65,173
2024-06-12,70,177
2024-06-13,59,183
2024-06-14,65,183
2024-06-17,76,131
2024-06-18,83,234
2024-06-20,47,244
2024-06-21,28,113
2024-06-24,58,119
2024-06-25,32,109
2024-06-26,22,91
2024-06-27,35,96
2024-06-28,43,83
2024-07-01,41,78
2024-07-02,74,174
2024-07-03,28,277
2024-07-05,17,50
2024-07-08,24,88
2024-07-09,20,93
2024-07-10,22,87
2024-07-11,35,77
2024-07-12,38,74
2024-07-15,22,104
2024-07-16,22,117
2024-07-17,49,153
2024-07-18,25,108
2024-07-19,28,93
2024-07-22,36,80
2024-07-23,22,74
2024-07-24,19,98
2024-07-25,26,60
2024-07-26,15,89
2024-07-29,45,119
2024-07-30,22,131
2024-07-31,36,133
2024-08-01,37,145
2024-08-02,30,177
2024-08-05,80,207
2024-08-06,55,117
2024-08-07,54,167
2024-08-08,70,114
2024-08-09,51,154
2024-08-12,73,136
2024-08-13,66,147
2024-08-14,67,174
2024-08-15,69,174
2024-08-16,54,221
2024-08-19,71,258
2024-08-20,84,228
2024-08-21,54,211
2024-08-22,55,231
2024-08-23,50,199
2024-08-26,72,199
2024-08-27,56,207
2024-08-28,44,185
2024-08-29,52,194
2024-08-30,48,163
2024-09-03,66,158
2024-09-04,53,222
2024-09-05,65,269
2024-09-06,47,145
2024-09-09,66,132
2024-09-10,63,162
2024-09-11,74,170
2024-09-12,62,151
2024-09-13,47,189
2024-09-16,68,158
2024-09-17,52,218
2024-09-18,47,231
2024-09-19,36,144
2024-09-20,34,142
2024-09-23,39,114
2024-09-24,34,107
2024-09-25,20,88
2024-09-26,18,84
2024-09-27,28,73
2024-09-30,57,81
2024-10-01,76,90
2024-10-02,33,153
2024-10-03,38,239
2024-10-04,23,93
2024-10-07,21,65
2024-10-08,16,97
2024-10-09,17,64
2024-10-10,15,79
2024-10-11,21,73
2024-10-15,38,135
2024-10-16,22,125
2024-10-17,44,113
2024-10-18,19,97
2024-10-21,29,70
2024-10-22,22,80
2024-10-23,23,71
2024-10-24,31,62
2024-10-25,39,70
2024-10-28,27,59
2024-10-29,32,104
2024-10-30,49,108
2024-10-31,24,90
2024-11-01,32,114
2024-11-04,62,146
2024-11-05,63,238
2024-11-06,42,180
2024-11-07,24,247
2024-11-08,24,365
2024-11-12,69,444
2024-11-13,57,321
2024-11-14,66,239
2024-11-15,48,225
2024-11-18,88,188
2024-11-19,92,295
2024-11-20,64,265
2024-11-21,91,172
2024-11-22,83,299
2024-11-25,76,221
2024-11-26,77,312
2024-11-27,47,276
2024-11-29,34,99
2024-12-02,57,172
2024-12-03,45,295
2024-12-04,48,351
2024-12-05,55,174
2024-12-06,41,193
2024-12-09,75,178
2024-12-10,61,211
2024-12-11,47,217
2024-12-12,54,219
2024-12-13,91,219
2024-12-16,115,179
2024-12-17,75,218
2024-12-18,58,247
2024-12-19,62,124
2024-12-20,59,142
2024-12-23,77,111
2024-12-26,68,162
2024-12-27,31,79
2024-12-30,33,78
2024-12-31,34,62
2025-01-02,53,82
2025-01-03,45,194
2025-01-06,48,279
2025-01-07,18,162
2025-01-08,31,169
2025-01-10,37,137
2025-01-13,32,64
2025-01-14,32,111
2025-01-15,41,108
2025-01-16,36,92
2025-01-17,33,155
2025-01-21,17,98
2025-01-22,32,102
2025-01-23,27,155
2025-01-24,20,67
2025-01-27,33,91
2025-01-28,28,71
2025-01-29,22,111
2025-01-30,45,100
2025-01-31,34,96
2025-02-03,42,120
2025-02-04,43,203
2025-02-05,31,245
2025-02-06,31,128
2025-02-07,41,139
2025-02-10,72,102
2025-02-11,29,155
2025-02-12,41,204
2025-02-13,28,137
2025-02-14,47,183
2025-02-18,46,172
2025-02-19,55,274
2025-02-20,46,290
2025-02-21,45,229
2025-02-24,58,187
2025-02-25,55,180
2025-02-26,58,205
2025-02-27,58,190
2025-02-28,50,169
2025-03-03,87,167
2025-03-04,79,415
2025-03-05,88,385
2025-03-06,94,258
2025-03-07,73,233
2025-03-10,97,176
2025-03-11,74,193
2025-03-12,70,205
2025-03-13,104,152
2025-03-14,73,170
2025-03-17,95,156
2025-03-18,85,250
2025-03-19,46,223
2025-03-20,45,133
2025-03-21,35,132
2025-03-24,62,115
2025-03-25,39,87
2025-03-26,28,124
2025-03-27,51,83
2025-03-28,44,72
2025-03-31,39,55
2025-04-01,58,73
2025-04-02,65,138
2025-04-03,42,241
2025-04-04,33,110
2025-04-07,64,73
2025-04-08,51,67
2025-04-09,40,54
2025-04-10,58,61
2025-04-11,37,44
2025-04-14,32,49
2025-04-15,30,47
2025-04-16,26,68
2025-04-17,36,91
2025-04-18,14,18
2025-04-21,19,35
2025-04-22,34,42
2025-04-23,38,69
2025-04-24,43,60
2025-04-25,37,52
2025-04-28,58,46
2025-04-29,46,59
2025-04-30,39,69
2025-05-01,47,84
2025-05-02,51,105
2025-05-05,61,214
2025-05-06,62,149
2025-05-07,46,116
2025-05-08,68,90
2025-05-09,64,155
2025-05-12,93,146
2025-05-13,86,208
2025-05-14,83,238
2025-05-15,73,178
2025-05-16,69,240
2025-05-19,89,213
2025-05-20,72,211
2025-05-21,57,159
2025-05-22,75,231
2025-05-23,76,163
2025-05-27,87,119
2025-05-28,77,156
2025-05-29,51,170
2025-05-30,57,158
2025-06-02,68,138
2025-06-03,67,204
2025-06-04,56,259
2025-06-05,44,202
2025-06-06,58,181
2025-06-09,70,190
2025-06-10,53,180
2025-06-11,51,212
2025-06-12,50,190
2025-06-13,61,180
2025-06-16,85,141
2025-06-17,54,178
2025-06-18,54,239
2025-06-20,33,142
2025-06-23,39,96
2025-06-24,30,122
2025-06-25,24,84
2025-06-26,24,105
2025-06-27,32,90
2025-06-30,30,84
2025-07-01,53,94
2025-07-02,55,211
2025-07-03,28,209
2025-07-07,31,108
2025-07-08,11,92
2025-07-09,22,98
2025-07-10,9,81
2025-07-11,12,85
2025-07-14,40,70
2025-07-15,31,80
2025-07-16,15,92
2025-07-17,35,109
2025-07-18,22,80
2025-07-21,24,65
2025-07-22,19,91
2025-07-23,15,90
2025-07-24,34,82
2025-07-25,26,73
2025-07-28,25,64
2025-07-29,42,104
2025-07-30,37,105
2025-07-31,38,93
2025-08-01,56,94
2025-08-04,51,137
2025-08-05,73,223
2025-08-06,47,182
2025-08-07,62,108
2025-08-08,53,146
2025-08-11,106,139
2025-08-12,81,172
2025-08-13,85,171
